id,language,headline,source,date ,frame
1,English ,Israel warns Gaza residents to flee homes ahead of revenge attacks,BBC,08/10/2023,Security and defense
2,English ,"Hamas attack shocks Israel, but what comes next?",BBC,08/10/2023,Security and defense
3,English ,"Death toll hits 1,000 in Israel and Gaza following Hamas attack",BBC,09/10/2023,Health and safety 
4,English ,Push for lifesaving access to Gaza as Israel cuts off power and supplies,BBC,12/10/2023,Health and safety 
5,English ,Hundreds of foreign nationals and injured leave Gaza as border finally opens,BBC,1/11/2023,Quality of life
6,English ,Israel denies striking Gaza hospital but says fighting happening around it,BBC,11/11/2023,Security and defense
7,English ,Gaza phone lines returning as Israel agrees limited fuel deliveries ,BBC,17/11/2023,Policy Prescription and Evaluation
8,English ,Young children and elderly among hostages back in Israel ,BBC,24/11/2023,"Law and Order, Crime and Justice"
9,English ,"Israeli strikes heaviest so far, say residents of south Gaza city ",BBC,02/12/2023,Security and defense
10,English ,"Gaza ceasefire chances shrinking, Qatar says",BBC,12/12/2023,Political
11,English ,US still has 'serious concerns' over UN Gaza vote,BBC,21/12/2023,External Regulation and Reputation
12,English ,"Netanyahu says israel paying ""heavy price"" for war",BBC,24/12/2023,Public opinion
13,English ,Hamas leader's assassination sparks wider war fears,BBC,04/01/2024,Security and defense
14,English ,Blinken: Cost of war on Gaza children far too high,BBC,10/01/2024,Health and safety 
15,English ,Israel in heavy south Gaza strikes as hostages sent medicine ,BBC,18/01/2024,Health and safety 
16,English ,Netanyahu orders military to plan Rafah evacuation ,BBC,09/02/2024,Security and defense
17,English ,Gaza aid drop: devastation after more than 100 reported killed,BBC,29/02/2024,Health and safety 
18,English ,"Seven hostages killed, Hamas says",BBC,02/03/0204,"Law and Order, Crime and Justice"
19,English ,Journalists injured in Gaza hospital air strike,BBC,31/03/2024,Health and safety 
20,English ,Pressure grows after Israel strike on charity staff,BBC,03/04/2024,External Regulation and Reputation
21,English ,IDF officers sacked over fatal aid worker attack ,BBC,05/04/2024,"Law and Order, Crime and Justice"
22,English ,Netanyahu vows to follow through with Rafah attack,BBC,30/04/2024,Security and defense
23,English ,Alarm in Israel at reports of possible ICC legal action over Gaza,BBC,03/05/2024,Constitutionality and Jurisprudence
24,English ,israel's rafah operation not a major offensive - US,BBC,28/05/2024,External Regulation and Reputation
25,English ,gaza ceasefire plan turns into deadly game of survival,BBC,04/06/2024,Health and safety 
26,English ,"""high risk"" of famine in gaza persists, new UN-backed report says",BBC,25/06/2024,Health and safety 
27,English ,air strike on gaza school kills at least 16 people,BBC,07/06/2024,Health and safety 
28,English ,hamas-run health ministry says 90 killed in israeli strike targeting military chief ,BBC,14/07/2024,Security and defense
29,English ,"Gaza release deal has to happen now, hostage's mother says",BBC,24/07/2024,Public opinion
30,English ,Casualties after third Israeli strike on school in a week,BBC,05/08/2024,Health and safety 
31,English ,"israeli strike in gaza kills more than 70, hospital head says",BBC,11/08/2024,Health and safety 
32,English ,Israel agrees to pause in fighting for polio vaccine drive,BBC,29/08/2024,Policy Prescription and Evaluation
33,English ,pause in fighting holds as gaza children get polio vaccine,BBC,01/09/2024,Health and safety 
34,English ,tens of thousands rally in israel calling for hostage release deal,BBC,02/09/2024,Public opinion
35,English ,netanyahu asks forgiveness over hostage deats as protests continue,BBC,03/09/2024,Public opinion
36,English ,israel marks year since hamas attack as fighting rages on multiple fronts,BBC,08/10/2024,Cultural identity
37,English ,israeli shelling of gaza school kills at least 22,BBC,14/10/2024,Health and safety 
38,English ,US gives israel 30 days to boost aid to gaza or risk some military aid cuts,BBC,15/10/2024,External Regulation and Reputation
39,English ,Israel says Hamas leader Sinwar killed during routine Gaza patrol,BBC,18/10/2024,Security and defense
40,English ,"Dozens reported killed in Israeli strike on northern Gaza, as Israel says PM's home targeted by drone",BBC,19/10/2024,Security and defense
41,English ,"Arrest warrents issued for Netanyahu, Galant and Hamas commander over alleged war crimes",BBC,22/11/2024,Constitutionality and Jurisprudence
42,English ,Israel investigates as Hamas says female hostage killed,BBC,24/11/2024,"Law and Order, Crime and Justice"
43,English ,"Last bone surgeon in northern Gaza killed, Palestinians say",BBC,13/12/2024,Health and safety 
44,English ,"Gaza ceasefire talks 90% complete, Palestinian official tells BBC",BBC,22/12/2024,Political
45,English ,Hamas lists 34 hostages it may free under ceasefire,BBC,06/01/2025,Policy Prescription and Evaluation
46,English ,"Gaza war death toll could be significantly higher, researchers say",BBC,10/01/2025,Health and safety 
47,English ,Bowen : long-overdue ceasefire may stop the killing but won't end the conflict,BBC,15/01/2025,Policy Prescription and Evaluation
48,English ,Israel and Hamas reach Gaza ceasefire and hostage release deal ,BBC,15/01/2025,Political
49,English ,Israel delays vote to approve Gaza ceasefire deal,BBC,16/01/2025,Political
50,English ,Netanyahu issues warning ahead of Gaza ceasefire,BBC,18/01/2025,Security and defense
51,English ,"Three Israeli hostages ""stable"" after being freed, as Palestinian prisoners await release",BBC,19/01/2025,Health and safety 
52,English ,British-Israeli hostage says Hamas held her ay UN facilities,BBC,01/02/2025,"Law and Order, Crime and Justice"
53,English ,"Trump says he wants US to ""take over"" Gaza and resettle Palestinians",BBC,05/02/2025,External Regulation and Reputation
54,English ,"UN chief warns against ""ethnic cleansing"" in Gaza",BBC,06/02/2025,External Regulation and Reputation
55,English ,Hamas releasing three more Israeli hostages under Gaza ceasefire deal ,BBC,08/02/2025,Policy Prescription and Evaluation
56,English ,Israeli hostages and Palestinian inmates freed in latest ceasefire swap,BBC,15/02/2025,Policy Prescription and Evaluation
57,English ,""" I'll be back', Israeli hostage told family - who were then killed",BBC,19/02/2025,Health and safety 
58,English ,Gaza ceasefire deal hits critical moment,BBC,01/03/2025,Political
59,English ,"Aid workers killed in Israeli air strike in Gaza, charity tells BBC",BBC,15/03/2025,Health and safety 
60,English ,Hamas fires rockets at Tel Aviv as Israel renews Gaza ground campaign,BBC,20/03/2025,Security and defense
61,English ,Israeli strike at Gaza hospital kills Hamas official and aide,BBC,23/03/2025,Security and defense
62,English ,Survivor challenges Israeli account of attack on Gaza paramedics ,BBC,03/04/2025,"Law and Order, Crime and Justice"
63,English ,"Israeli strike on Gaza City school kills 27, health ministry says",BBC,04/04/2025,Health and safety 
64,English ,Israel admits mistakes over medic killings in Gaza,BBC,06/04/2025,"Law and Order, Crime and Justice"
65,English ,"As an Israeli hostage turns 48, his wife waits for blue ticks on her messages ",BBC,12/04/2025,Health and safety 
66,English ,Hamas formally rejects Israeli ceasefire offer,BBC,18/04/2025,Political
67,English ,Anti-Hamas protests on rise in Gaza as group's iron grip slips,BBC,24/04/2025,Public opinion
68,English ,Gaza community kitchens warn food is running out after two months of Israeli blockade,BBC,02/05/2025,Capacity and resources
69,English ,Hamas says 'no point' to talks as Israel plans expanded Gaza offensive,BBC,06/05/2025,Political
70,English ,"Israel denying food to Gaza is 'weapon of war', UN Palestinian refugee agency head tells BBC",BBC,13/05/2025,"Law and Order, Crime and Justice"
71,English ,"Israeli strikes in northern Gaza kill at least 48, hospital says",BBC,14/05/2025,Health and safety 
72,English ,"Israeli strike kills nine of Gaza doctor's children, hospital says",BBC,24/05/2025,Health and safety 
73,English ,"26 dead after Israeli tanks open fire near Gaza aid centre, resuers say",BBC,01/06/2025,Health and safety 
74,English ,"Gaza worse than hell on Earth, International aid cross chief tells BBC as aid centres close for a day",BBC,04/06/2025,Quality of life
75,English ,Gaza aid boat with Greta Thunberg onboard diverted by Israeli forces,BBC,09/06/2025,Security and defense
76,English ,"Dozens killed by Israeli fire near Gaza aid sites, Hamas-run ministry says",BBC,17/06/2025,Health and safety 
77,English ,"Israeli strikes at Gaza market kill 18 Palestinians, doctor and witnesses say ",BBC,27/06/2025,Health and safety 
78,English ,Trump says Israel has agreed to condition for 60-day Gaza ceasefire ,BBC,02/07/2025,External Regulation and Reputation
79,English ,Hamas says it delivered 'positive response' on Gaza ceasefire plan,BBC,05/07/2025,Political
80,English ,Israeli defence minister plans to move Gaza's population to camp in Rafah ,BBC,09/07/2025,Policy Prescription and Evaluation
81,English ,Gaza officials say children killed in strike as Israeli military admits 'error',BBC,13/07/2025,"Law and Order, Crime and Justice"
82,English ,"Dozens killed by Israeli gunfire near aid sites in south Gaza, Hamas-run ministry says",BBC,19/07/2025,Health and safety 
83,English ,"Israeli forces kill 67 Palestinians seeking aid in northern Gaza, Hamas-run ministry says",BBC,20/07/2025,Health and safety 
84,English ,UK and 27 other nations condemn Israel over 'inhumane killing' of Gaza civilians seeking aid,BBC,22/07/2025,External Regulation and Reputation
85,English ,"Almost a third of people in Gaza not eating for days, UN food programme warns",BBC,25/07/2025,Quality of life
86,English ,Hamas refuses to disarm until Palestinian state established,BBC,02/08/2025,Political
87,English ,UN official says Israel expanding Gaza operations would risk 'catastrophic consequences',BBC,06/08/2025,External Regulation and Reputation
88,English ,The secret system Hamas uses to pay government salaries,BBC,07/08/2025,Economic
89,English ,Israel's security cabinet approves plan to take control of Gaza city ,BBC,08/08/2025,Political
90,English ,Israel rejects international criticism of Gaza city takeover plan,BBC,09/08/2025,External Regulation and Reputation
91,English ,UN condemns targeted Israeli attack that killed five AL Jazeera journalists ,BBC,11/08/2025,External Regulation and Reputation
92,English ,"Israel calls up 60,000 reservists ahead of planned Gaza City offensive",BBC,20/08/2025,Security and defense
93,English ,"Four journalists among 15 dead in Israeli strike on hospital, Gaza officials say",BBC,25/08/2025,Health and safety 
94,English ,Families demand hostage deal as double Israeli strike on Gaza hospital draws wide condemnation ,BBC,26/08/2025,Public opinion
95,English ,"Hamas spokesman Sbu Obeida killed in Gaza, Israel says",BBC,01/09/2025,Security and defense
96,English ,Hamas releases video of two Israeli hostages held in Gaza,BBC,05/09/2025,"Law and Order, Crime and Justice"
97,English ,Israeli tanks push into major Gaza City residential area,BBC,18/09/2025,Security and defense
98,English ,"Trump peace plan 'ignores interests of Palestinian people', Hamas official tells BBC",BBC,30/09/2025,External Regulation and Reputation
99,English ,Trump tells Israel to stop bombing Gaza as Hamas agrees to release hostages,BBC,03/10/2025,External Regulation and Reputation
100,English ,Mother os Israeli hostage says she still doesn't know if he's alive or dead,BBC,07/10/2025,Health and safety 
101,English ,Israel's Netanyahu: 'We are at war',CNN,07/10/2023,Security and defense
102,English ,Hamas threatens hostages as Israel pounds Gaza,CNN,09/10/2023,Security and defense
103,English ,Some Gaza residents try to flee south after warning from Israel,CNN,13/10/2023,Quality of life
104,English ,2 American hostages being released by Hamas: sources,CNN,20/10/2023,"Law and order, crime and justice"
105,English ,"Israeli forces surroundingg Gaza city, IDF official says",CNN,02/11/2023,Security and defense
106,English ,Israeli forces say they remain active at Gaza's largest hospital,CNN,16/11/2023,Security and defense
107,English ,Hamas seeks to extend truce with Israel ,CNN,26/11/2023,Political 
108,English ,How the latest truce extension went to the wire,CNN,30/11/2023,Political 
109,English ,IDF tells people to evacuate more areas in southern Gaza,CNN,03/12/2023,Security and defense
110,English ,Doctors Without Borders accuses Israeli military of attacking marked evacuation convoy in Gaza,CNN,10/12/2023,Fairness and equality
111,English ,Israel's military claims to have found the biggest Hamas tunnel ,CNN,17/12/2023,Security and defense
112,English ,Doctors accuse IDF troops of atrocities at hospital Israel says was Hamas 'command center',CNN,23/12/2023,"Law and order, crime and justice"
113,English ,"Palestinians will decide Gaza's future,, not Israel, PLO insists",CNN,06/01/2024,Political 
114,English ,Israel exhuming bodies in Gaza to determine if they're hostages,CNN,18/01/2024,"Law and Order, Crime and Justice"
115,English ,"At least 20 people were killed and dozens injured after shelling struck an area near Gaza City where people were awaiting aid delivery, according to the Hamas run health ministry in Gaza",CNN,26/01/2024,Health and safety 
116,English ,CNN video shows Palestinian detainees blindfolded and barefoot,CNN,27/01/2024,"Law and order, crime and justice"
117,English ,Where is Hind? Calls for answers more than a week after rescuers go missing trying to save trapped 6-year-old,CNN,06/02/2024,Health and safety 
118,English ,Israeli forces rescue 2 hostages as airstrikes kill around 100 Palestinians in Rafah,CNN,12/02/2024,Security and defense
119,English ,US proposes a 'temporary ceasefire' in Gaza in draft UN resolution,CNN,19/02/2024,External Regulation and Reputation
120,English ,Aid dropped in the sea by mistake. Video shows how Gazans responded,CNN,27/02/2024,Capacity and resources
121,English ,Biden calls for immediate temporary ceasefire as part of Israel-Hamas hostage deal,CNN,01/03/2024,External Regulation and Reputation
122,English ,"At the edge of Gaza, Israelis try to stop aid trucks ",CNN,09/03/2024,Public opinion
123,English ,The grandmother who wants to lead Israelis back to Gaza without Palestinians ,CNN,20/03/2024,Cultural Identity
124,English ,Devastation in Gaza as Israel wages war on Hamas,CNN,30/03/3024,Quality of Life
125,English ,"Israel targeted aid workers 'systematically,' charity founder says",CNN,04/04/2024,"Law and order, crime and justice"
126,English ,"Israel is preparing for scenarios in locations other than Gaza, Netanyahu warns",CNN,11/04/2024,Security and defense
127,English ,"Nearly 300 bodies found in mass grave at Gaza hospital, says Gaza Civil Defense",CNN,22/04/2024,Health and safety 
128,English ,Netanyahu warns of Rafah operation 'with or without a deal' on ceasefire,CNN,30/04/2024,Security and defense
129,English ,Hamas says it has agreed to Gaza ceasefire proposal,CNN,06/05/2024,Political 
130,English ,Palestinians fleeing Rafah describe fear and despair as Israel seizes key crossing ,CNN,07/05/2024,Quality of Life
131,English ,"Bodies of 3 hostages recovered from Gaza tunnel, Israel says",CNN,17/05/2024,"Law and order, crime and justice"
132,English ,Israeli forces release Hamas video of former child hostage ,CNN,20/05/2024,Security and defense
133,English ,"Dozens killed in Israeli airstrike on UN-run school, Gaza authorities say",CNN,06/06/2024,Health and safety 
134,English ,"Hamas 'punished' hostage in captivity, family says",CNN,12/06/2024,"Law and order, crime and justice"
135,English ,"8 Israeli soldiers killed in Gaza, IDF says",CNN,15/06/2024,Security and defense
136,English ,He saved the Hamas leader's life. Then the group murdered his nephew ,CNN,20/06/2024,"Law and order, crime and justice"
137,English ,Encounters that break down barriers': Meet volunteers driving sick Palestinians to Israeli hospitals and home again,CNN,05/07/2024,Health and safety 
138,English ,"Tomorrow, I kill you:' Rescued hostage details psychological abuse during eight months of Hamas captivity",CNN,12/07/2024,Health and safety 
139,English ,"Israeli attacks kill at least 16 Palestinians, including children, across Gaza",CNN,29/07/2024,Health and safety 
140,English ,Hamas political leader killed in Iran,CNN,31/07/2024,Security and defense
141,English ,These Gazan children have been reunitedwith their families after months of war. But thousands remain unaccompanied,CNN,09/08/2024,Quality of Life
142,English ,"Israeli strike on mosque and school in Gaza kills scores, sparking international outrage",CNN,11/08/2024,External Regulation and Reputation
143,English ,"Bodies of six Israeli hostages retrieved from Gaza, Israel says",CNN,20/08/2024,"Law and order, crime and justice"
144,English ,Israel rescues 52-year-old hostage held by Hamas during 'complex operation' in Gaza,CNN,27/08/2024,Security and defense
145,English ,Huge protests break out across Israel after bodies of 6 slain hostages recovered,CNN,01/09/2024,Public opinion
146,English ,Brutal new Hamas tactics mark a shift in an already brutal war,CNN,03/09/3034,Security and defense
147,English ,"Israeli airstrikes on Gaza school sheltering displaced people kills at least 18, including UN staff, officials say",CNN,12/09/2024,Health and safety 
148,English ,"Slain Israeli hostage held by Hamas in 'inhuman' conditions underneath Gaza, sisters tell CNN",CNN,21/09/2024,Health and safety 
149,English ,Flattened in a year: How Israeli bombardment reduced most of Gaza to rubble,CNN,09/10/2024,Quality of Life
150,English ,US suggests military aid to Israel is at risk in a letter demanding more aid for Gaza,CNN,16/10/2024,External Regulation and Reputation
151,English ,How a routine operation led to Hamas leader's death ,CNN,18/10/2024,Security and defense
152,English ,"Gazans, surrounded by killiing and destruction, say Hamas leader's death will not change anything",CNN,19/10/2024,Quality of Life
153,English ,Israel has long wanted to dismantle the UN's Palestinian refugee agency. The consequences could be disastrous for all ,CNN,03/11/2024,External Regulation and Reputation
154,English ,Saudi crown prince accuses Israel of committing 'collective genocide' in Gaza,CNN,12/11/2024,Policy Prescription and Evaluation
155,English ,Human Rights Watch accuses Israel of mass displacement in Gaza amounting to a war crime,CNN,14/11/2024,"Law and order, crime and justice"
156,English ,Israel investigating after Hamas releases photos purportedly showing body of female hostage,CNN,25/11/2024,"Law and order, crime and justice"
157,English ,Israeli strikes kill at least 200 in Gaza as UN halts aid deliveries after more trucks stolen,CNN,01/12/2024,Health and safety 
158,English ,"Israeli military kills fours doctors in Gaza hospital raid, eyewitnesses say",CNN,06/12/2024,Health and safety 
159,English ,"Hamas and Israel are 'talking seriously' about a hostage and a ceasefire deal in Gaza, source says",CNN,13/12/2024,Political 
160,English ,Palestinian grandfather whose tribute went viral to slain granddaughter went viral is killed by Israeli fire,CNN,17/12/2024,Health and safety 
161,English ,Israeli government pressed to reveal location of detained Gaza hospital chief,CNN,03/01/2025,Fairness and Equality
162,English ,Israel's military releases interrogation video in bid to defend assault on Gaza hospitals,CNN,08/01/2025,Security and defense
163,English ,Israel and Hamas agree to a ceasefire and hostage deal,CNN,15/01/2025,Political 
164,English ,Gaza ceasefire brings hope but aid workers warn of major hurdles ahead,CNN,20/01/2025,Policy Prescription and Evaluation
165,English ,Arab nations reject Trump's call to relocate Gazans to neighboring countries,CNN,02/02/2025,External Regulation and Reputation
166,English ,Trump says 'US will take over the Gaza strip',CNN,05/02/2025,External Regulation and Reputation
167,English ,Israel delays release of hundreds of Palestinian detainees following recovery of six Israeli hostages from Gaza,CNN,22/02/2025,"Law and order, crime and justice"
168,English ,Coffins said to contain hostages' bodies arrive in Israel and Palestinian prisoners freed as Gaza truce nears expiry,CNN,27/02/2025,"Law and order, crime and justice"
169,English ,Israel says it will block aid going into Gaza until Hamas agrees to ceasefire extension,CNN,02/03/2025,Policy Prescription and Evaluation
170,English ,Israel cuts electricity to last facility in Gaza receiving Israeli power,CNN,09/03/2025,Capacity and resources
171,English ,Israel says it will maintain 'permanent' presence in Gaza unless hostages are freed,CNN,21/03/2025,Security and defense
172,English ,Deadly Israeli strikes mar Gaza Eid celebrations as Netanyahu says pressure on Hamas is 'working',CNN,30/03/2025,Cultural Identity
173,English ,Netanyahu says Israel is now dividing up Gaza. What does that mean on the ground?,CNN,04/04/2025,Political 
174,English ,Video showing final moments of Gaza emergency workers casts doubt on Israeli account of killings.,CNN,05/04/2025,"Law and order, crime and justice"
175,English ,Israeli soliders reveal systematic destruction of Palestinian property to create Gaza buffer zone,CNN,10/04/2025,Security and defense
176,English ,Israel's Gaza offensive pushes hundreds of thousands of Palestinians into an ever-shrinking bubble,CNN,13/04/2025,Quality of Life
177,English ,Netanyahu vows to escalate war as plan approved to 'conquer' Gaza,CNN,05/05/2025,Security and defense
178,English ,Israel vows to escalate war with new plan to 'conquer' Gaza,CNN,06/05/2025,Security and defense
179,English ,US admits new aid plan would initially only feed 60% of Gaza,CNN,10/05/2025,Policy prescription and evaluation 
180,English ,"Israel ramps up strikes in Gaza, killing dozens , as Trump floats 'freedom zone'",CNN,15/05/2025,Security and defense
181,English ,"Dozens shot dead and injured near Gaza aid hub, health ministry and doctors day",CNN,01/06/2025,Health and safety 
182,English ,Israel vows to stop aid boat with Greta Thunberg and other activists on board from reaching Gaza,CNN,08/06/2025,Security and defense
183,English ,"An Israeli soldier was taken hostage on October 7, In ceasefire plea, his mother releases video of his brutal capture",CNN,10/06/2025,Health and safety 
184,English ,Hamas submits 'positive response' to 60-day cesefire proposal ,CNN,05/06/2025,Political 
185,English ,"Israel's defense inister plans to relocate displaced Palestinians to restricted area in southern Gaza, Israeli media reports",CNN,09/07/2025,Policy prescription and evaluation 
186,English ,"Children killed collecting water in Gaza, medical officials say, as ceasefire talks hit sticking points",CNN,13/07/2025,Health and safety 
187,English ,"20 killed in crush at Israeli and US-backed aid site in Gaza, group says",CNN,17/07/2025,Health and safety 
188,English ,Gaza starvation warning as aid agencies urge Israel to end blockade ,CNN,24/07/2025,Quality of Life
189,English ,"A viable Palestinian state remains far off, despite growing international clamor",CNN,03/08/2025,Political 
190,English ,"Israeli PM defends plan to seize Gaza city amid criticism from world leaders, Israel's military chief and hostage families",CNN,08/08/2025,Political 
191,English ,Israel says it is in talks with several countries about taking in displaced Palestinians,CNN,14/08/2025,Political 
192,English ,Outrage after Israel kills five journalists in 'double-tap' attack on Gaza hospital,CNN,26/08/2025,Public opinion
193,English ,More than 70 killed in intensified Israeli strikes on Gaza,CNN,15/09/2025,Health and safety 
194,English ,Gaza city residents scramble to flee after heavy bombardment,CNN,16/09/2025,Quality of Life
195,English ,"The move, which Israel condemns, is a concerted effort to pile on pressure for a ceasefire in Gaza",CNN,22/09/2025,Political 
196,English ,Israeli forces push deeper into Gaza City with heavy shelling and explosions reported,CNN,24/09/2025,security and defense
197,English ,Israel's military intercepted Gaza-bound aid ships. Here's what we know,CNN,02/10/2025,security and defense
198,English ,Hamas agrees to negotiate release of all hostages,CNN,04/10/2025,Political 
199,English ,Indirect talks between Israeli and Hamas have begun,CNN,06/10/2025,Political 
200,English ,"October 7 promptsome jews to leave Israel. For others, the country offers shelter from rising global antisemitism",CNN,07/10/2025,Quality of Life
201,English ,World is watching': Fears grow of a huge Gaza invasion by Israel,Al-Jazeera English ,07/10/2023,Security and defense
202,English ,Gaza faces humanitarian catastrophe as power plant remains without fuel,Al-Jazeera English ,11/10/2023,Health and safety 
203,English ,UN says Gaza hospitals' fuel to last 24 hours as families flee Israel raids,Al-Jazeera English ,15/10/2023,Health and safety 
204,English ,Hundreds killed in 'multiple Israeli massacres' in Gaza; two captives freed,Al-Jazeera English ,23/10/2023,Health and safety 
205,English ,Israeli strike hits medical convoy at Gaza hospital gate,Al-Jazeera English ,03/11/2023,Health and safety 
206,English ,Red Crescent says humanitarian aid targeted as Gaza bombardment continues,Al-Jazeera English ,08/11/2023,Health and safety 
207,English ,"Gaza hospitals face Israeli military assault, humanitarian disaster",Al-Jazeera English ,16/11/2023,Health and safety 
208,English ,Israel-Hamas truce comes into effect: How it could now unfold,Al-Jazeera English ,24/11/2023,Political
209,English ,Searching for survivors after Israeli attack on central Gaza building,Al-Jazeera English ,05/12/2024,Health and safety 
210,English ,"Netanyahu thanks US for support, weapons amid pressure to end war on Gaza",Al-Jazeera English ,14/12/2024,Political
211,English ,More than 200 killed in Gaza in 24 hours as Israel continues attacks,Al-Jazeera English ,23/12/2023,Health and safety 
212,English ,Entire family gone': Israel kills 250 Palestinians in 24 hours,Al-Jazeera English ,25/12/2023,Health and safety 
213,English ,Palestinians flee Nuseirat refugee camp once again amid attacks,Al-Jazeera English ,04/01/2024,Quality of life
214,English ,UN humanitarian chief says Gaza will soon be 'uninhabitable',Al-Jazeera English ,05/01/2024,Quality of life
215,English ,Fuel runs out at Al-Aqsa Hospital putting patients at risk,Al-Jazeera English ,12/01/2024,Capacity and resources
216,English ,"Israeli attacks on Gaza shelters a 'pattern', says UN",Al-Jazeera English ,25/01/2024,"Law and Order, Crime and Justice"
217,English ,"Israel says Rafah, where displaced are sheltering, army's next target",Al-Jazeera English ,01/02/2024,Security and defense
218,English ,Netanyahu orders military to submit action plan for Rafah assualt,Al-Jazeera English ,10/02/2024,Security and defense
219,English ,Palestinians flee as Israel orders evacuation of besieged Nasser Hospital,Al-Jazeera English ,14/02/2024,Quality of life
220,English ,"Israeli strike on Deir el-Balah kills at least 24, mostly women, children",Al-Jazeera English ,23/02/2024,Health and safety 
221,English ,Horrific massacare': Israel launches fresh attacks on Gaza aid seekers,Al-Jazeera English ,04/03/2024,Health and safety 
222,English ,Israel suggests pushing Gaza civilians in Rafah into 'humanitarian islands',Al-Jazeera English ,13/03/2024,Policy Prescription and Evaluation
223,English ,World must not turn its back' on Gaza as Israel readies Rafah inavsion: UN,Al-Jazeera English ,21/03/2024,Public opinion
224,English ,Israel claims senior Hamas commander Marwan Issa killed in Gaza strike,Al-Jazeera English ,26/03/2024,Security and defense
225,English ,Five aid workers killed in Israeli strike after food delivery: Media office,Al-Jazeera English ,02/04/2024,Health and safety 
226,English ,"Israeli air attack on Gaza kills sons, grandchildren of Hamas chief Haniyeh",Al-Jazeera English ,10/04/2024,Health and safety 
227,English ,Nearly 200 bodies retrieved from hospital mass grave in Khan Younis,Al-Jazeera English ,21/04/2024,Health and safety 
228,English ,Five killed in Israeli attacks on Gaza as students antiwar protests spread,Al-Jazeera English ,27/04/2024,Public opinion
229,English ,Full-blown famine' in northern Gaza with truce talks ongoing in Egypt,Al-Jazeera English ,04/05/2024,Health and safety 
230,English ,Gaza war: Heavy fighting in Rafah as Hamas attacks Israeli troops and tanks,Al-Jazeera English ,09/05/2024,Security and defense
231,English ,"Shame on the world': Israel tanks, jets 'wipe out everything' in Jabalia",Al-Jazeera English ,17/05/2024,Morality
232,English ,Rafah is on fire' as Israel's deadly attacks intensify on south Gaza city ,Al-Jazeera English ,29/05/2024,Security and defense
233,English ,Fifty bodies recovered from Jabalia amid nonstop Israeli bombing of Gaza,Al-Jazeera English ,02/06/2024,Health and safety 
234,English ,Death toll from Israeli attacks on Gaza's Nuseirat camp rises to 210,Al-Jazeera English ,08/06/2024,Health and safety 
235,English ,"Israeli attacks kill 25 as Gaza gov't warns 3,500 children at risk of dying",Al-Jazeera English ,18/06/2024,Health and safety 
236,English ,"Four Israeli soldiers killed amid fierce battles in Shujayea, media reports",Al-Jazeera English ,28/06/2024,Security and defense
237,English ,Israeli army orders 'immediate' evacuation from Khan Younis,Al-Jazeera English ,01/07/2024,Security and defense
238,English ,Uninhabitable': Gaza City district levelled by Israeli army after invasion ,Al-Jazeera English ,11/07/2024,Quality of life
239,English ,Netanyahu says ceasefire talks to restart as Israeli protestors demand deal,Al-Jazeera English ,21/07/2024,Political 
240,English ,Haniyeh killing 'dangerous escalation' as fears of Gaza war spillover grow,Al-Jazeera English ,31/07/2024,Security and defense
241,English ,Huge massacre': 17 killed in Israeli attacks on Gaza shelter,Al-Jazeera English ,03/08/2024,Health and safety 
242,English ,"Amid deadly assaults, Israel issues new evacuation orders for southern Gaza",Al-Jazeera English ,13/08/2024,Security and defense
243,English ,Palestinian children 'paying heaviest price' as food shortages grip Gaza,Al-Jazeera English ,23/08/2024,Quality of life
244,English ,Israel agrees limited 'humanitarian pauses' for polio vaccinations: WHO ,Al-Jazeera English ,29/08/2024,Policy Prescription and Evaluation
245,English ,Hamas says Gaza captives will return 'in coffins' if Israel continues raids,Al-Jazeera English ,02/09/2024,Political
246,English ,Dozens killed in Israeli attack on tent encampment in southern Gaza,Al-Jazeera English ,09/09/2024,Health and safety 
247,English ,Israel bombs central Gaza again after attack on UN shelter,Al-Jazeera English ,12/09/2024,Security and defense
248,English ,"Israeli bombardment kills dozens across Gaza strip, Civil Defence says ",Al-Jazeera English ,16/09/2024,Health and safety 
249,English ,Israel is deliberately targeting journalists in Gaza,Al-Jazeera English ,23/09/2024,"Law and Order, Crime and Justice"
250,English ,Intense bombardment as Israel launches major ground offensive on Jabalia,Al-Jazeera English ,07/10/2024,Security and defense
251,English ,"Amid siege of northern Gaza, Israeli attack on Jabalia camp kills four",Al-Jazeera English ,14/10/2024,Health and safety 
252,English ,No other land': Palestinian Bedouins forced out under cover of Gaza war,Al-Jazeera English ,21/10/2024,Quality of life
253,English ,"Gaza ceasefire talks resume in Doha, but 'no breakthrough' expected",Al-Jazeera English ,28/10/2024,Political 
254,English ,Six wounded in Israeli attack on Gaza's polio vaccination centre,Al-Jazeera English ,02/11/2024,Health and safety 
255,English ,"Israel strikes flour distribution line, kills 50 across Gaza",Al-Jazeera English ,09/11/2024,Health and safety 
256,English ,Stripped of our human dignity': What it means to be hungry in Gaza,Al-Jazeera English ,16/11/2024,Morality
257,English ,More than 100 Palestinians killed in Israeli attacks on Gaza in 48 hours,Al-Jazeera English ,23/11/2024,Health and safety 
258,English ,"Israel bombs Gaza hospital water tanks, kills 48 Palestinians in a day",Al-Jazeera English ,05/12/2024,Capacity and resources
259,English ,Israel kills 71 Palestinians in Gaza amid renewed diplomatic push for truce,Al-Jazeera English ,12/12/2024,Health and safety 
260,English ,At least 15 people killed as Israel hits Gaza's school shelters again,Al-Jazeera English ,19/12/2024,Health and safety 
261,English ,Israel kills five medical staff as another baby freezes to death in Gaza ,Al-Jazeera English ,26/12/2024,Health and safety 
262,English ,Indonesian Hospital out of service as Israel continues to pound north Gaza,Al-Jazeera English ,04/01/2025,Capacity and resources
263,English ,Increasingly impossible' to stay alive in Gaza under Israeli attacks,Al-Jazeera English ,11/01/2025,Quality of life
264,English ,Netanyahu: Israel has the right to restart fighting in Gaza after ceasefire,Al-Jazeera English ,18/01/2025,Security and defense
265,English ,"Israel raids homes of freed Palestinian prisoners, kills one in Gaza",Al-Jazeera English ,25/01/2025,"Law and Order, Crime and Justice"
266,English ,"Palestinians released by Israel show signs of 'torture, starvation'",Al-Jazeera English ,01/02/2025,"Law and Order, Crime and Justice"
267,English ,Tears of joy as freed Palestinians reunited with loved ones in latest swap ,Al-Jazeera English ,08/02/2025,Public opinion
268,English ,"Despite ceasefire, Israel still destroying homes in Gaza",Al-Jazeera English ,15/02/2025,Security and defense
269,English ,Hamas releases six captives in Gaza as part of ceasefire deal ,Al-Jazeera English ,22/02/2025,Political 
270,English ,"Trump threatens Palestinians in Gaza: If you hold captives, 'you are DEAD'",Al-Jazeera English ,05/03/2025,Political 
271,English ,Arab leaders to work with US's witkoff on Gaza reconstruction plan,Al-Jazeera English ,12/03/2025,Policy Prescription and Evaluation
272,English ,Israel kills at least 60 today as strikes on central Gaza expand,Al-Jazeera English ,19/03/2025,Health and safety 
273,English ,"Israel steps up attacks on Gaza civilians, hitting tent camps, aid kitchen",Al-Jazeera English ,26/03/2025,Health and safety 
274,English ,UN: 'Ridiculous' that Israel says enough food in Gaza as bakeries close ,Al-Jazeera English ,01/04/2025,Capacity and resources
275,English ,"UN chief says Palestinians in Gaza in 'death loop', demands end to blockade",Al-Jazeera English ,08/04/2025,Policy Prescription and Evaluation
276,English ,UN chief says 70% of Gaza forcibly displaced or inside Israeli 'no-go zone',Al-Jazeera English ,15/04/2025,Quality of life
277,English ,Israeli forces kill 32 Palestinians in 'heavy waves' of attacks on Gaza,Al-Jazeera English ,22/04/2025,Health and safety 
278,English ,Gaza stalked by starvation as aid piles up during Israeli blockade,Al-Jazeera English ,03/05/2025,Quality of life
279,English ,Children among 21 killed in Israel's attacks on Gaza amid aid blockade,Al-Jazeera English ,10/05/2025,Health and safety 
280,English ,Blocked food by Israel rots at Gaza border as 'clock ticks towards famine',Al-Jazeera English ,17/05/2025,Health and safety 
281,English ,Chaos and desperation' as Israel stymies Gaza aid and bombs civilians,Al-Jazeera English ,24/05/2025,Quality of life
282,English ,"Israel kills more than 70 in Gaza, including 16 in bombing family building ",Al-Jazeera English ,08/06/2025,Health and safety 
283,English ,"Israel kills 59 Palestinians in Gaza, many while trying to get aid",Al-Jazeera English ,15/06/2025,Health and safety 
284,English ,Israel recovers bodies of three Gaza captives as it kills 33 Palestinians,Al-Jazeera English ,22/06/2025,Security and defense
285,English ,Israeli soldiers 'ordered' to shoot at unarmed Gaza aid seekers,Al-Jazeera English ,28/06/2025,"Law and Order, Crime and Justice"
286,English ,Doctors alarmed at rising meningitis cases in Gaza's children ,Al-Jazeera English ,07/07/2025,Health and safety 
287,English ,"Gaza death toll passes 58,000 from Israeli attacks as ceasefire hopes fade",Al-Jazeera English ,13/07/2025,Health and safety 
288,English ,Israeli fire mows down starving Palestinians in Gaza as hunger deaths surge ,Al-Jazeera English ,20/07/2025,Morality
289,English ,Israel kills more than 80 in Gaza as outrage over hunger crisis grows,Al-Jazeera English ,29/07/2025,Health and safety 
290,English ,"Local sports champion': Palestinian boy, 17, dies of starvation in Gaza",Al-Jazeera English ,02/08/2025,Health and safety 
291,English ,Palestinian child killed in Gaza aid airdrop as starvation death toll rises,Al-Jazeera English ,09/08/2025,Health and safety 
292,English ,Israel preparing to forcibly displace Palestinians to southern Gaza,Al-Jazeera English ,16/08/2025,Policy Prescription and Evaluation
293,English ,Israeli attacks kill 63 across Gaza as troops push deeper into Gaza city ,Al-Jazeera English ,23/08/2025,Health and safety 
294,English ,Israel Murders Journalists,Al-Jazeera English ,01/09/2025,"Law and Order, Crime and Justice"
295,English ,Israel targets hamas leadership in attack on Qatar's Doha,Al-Jazeera English ,09/09/2025,Security and defense
296,English ,"Panic in Gaza city as Israel advances on centre, 'sandwiching' population",Al-Jazeera English ,18/09/2025,Quality of life
297,English ,"As world leaders seek ceasefire, Israeli attacks kill 36 people in Gaza",Al-Jazeera English ,23/09/2025,Health and safety 
298,English ,"Kidnapping': Israel intercepts Gaza flotilla; detains activists, Thunberg",Al-Jazeera English ,01/10/2025,"Law and Order, Crime and Justice"
299,English ,"Israel pounds Gaza, killing 70, despite Trump's call for it ti halt bombing ",Al-Jazeera English ,04/10/2025,Health and safety 
300,English ,Hamas demands guarantee of full Israeli withdrawal as Gaza talks intensify ,Al-Jazeera English ,07/10/2025,Political 
301,English ,"Israel PM vows to turn Hamas hideouts in Gaza into 'rubble,' warns residents to leave",Al-Arabiya,07/10/2023,Security and defense
302,English ,"Over 1,100 Israelis and Palestinians killed as Israel pounds Gaza after Hamas attack",Al-Arabiya,08/10/2023,Health and safety
303,English ,Netanyahu vows to demolish Hamas as Israeli troops prepare to move into Gaza,Al-Arabiya,15/10/2023,Security and defense
304,English ,Israel pummels Gaza as US sees 'significant' risk of attacks on Mideast interests,Al-Arabiya,23/10/2023,Security and defense
305,English ,First wounded and foreigners leave Gaza through Rafah crossing ,Al-Arabiya,02/11/2023,Quality of life
306,English ,Israeli forces fight Hamas in north Gaza as civilians' plight worsens,Al-Arabiya,10/11/2023,Security and defense
307,English ,Israel's war on Gaza leaving a catastrophic socioeconomic impact: International NGOs,Al-Arabiya,17/11/2023,Economic 
308,English ,"Hamas releases 13 Israeli hostages, 4 foreign nationals in delayed second exchange",Al-Arabiya,25/11/2023,"Law and Order, Crime and Justice"
309,English ,Israel expands offensive in Gaza as death toll mounts,Al-Arabiya,05/12/2023,Security and defense
310,English ,Palestinian FM accuses Israel of starving Gazans; Israel calls charge 'obscene',Al-Arabiya,13/12/2023,"Law and Order, Crime and Justice"
311,English ,Israeli hostages killed by Israeli army in Gaza were holding white flag,Al-Arabiya,17/12/2023,"Law and Order, Crime and Justice"
312,English ,Palestinians recount 'torture' in Israeli army custody,Al-Arabiya,25/12/2023,"Law and Order, Crime and Justice"
313,English ,Israel looks at new phase of Hamas war as fighting continues in Gaza,Al-Arabiya,02/01/2024,Security and defense
314,English ,"Over 23,000 Palestinians killed in Israeli strikes on Gaza since Oct.7: ministry",Al-Arabiya,08/01/2024,Health and safety
315,English ,"Battle of Khan Younis threatens Gaza's biggest hospital as death toll rises to 24,620",Al-Arabiya,18/01/2024,Health and safety
316,English ,Hamas releases video of three Israeli hostages held in Gaza ,Al-Arabiya,26/01/2024,"Law and Order, Crime and Justice"
317,English ,"Israel keeps pressure on Gaza's last two refugee cities as death toll rises to 27,238",Al-Arabiya,03/02/2024,Security and defense
318,English ,Senior Hamas official in Lebanon survives Israeli assassination attempt: Source,Al-Arabiya,10/02/2024,Security and defense
319,English ,Israel Parliament backs Netanyahu's opposition to 'unilateral' Palestinian state ,Al-Arabiya,21/02/2024,Political
320,English ,Israeli delegation heads to Qatar for Gaza ceasefire deal push ,Al-Arabiya,27/02/2024,Political
321,English ,Worldwide condemnations pour in after Israel opens fire on Gazans scrambling for aid,Al-Arabiya,01/03/2024,External Regulation and Reputation
322,English ,UN expert: Israel is destroying Gaza's food system as part of 'starvation campaign',Al-Arabiya,07/03/2024,"Law and Order, Crime and Justice"
323,English ,Aid sent from Cyprus reaches starving people in northern Gaza: World Central Kitchen ,Al-Arabiya,19/03/2024,Health and safety
324,English ,"Israeli strike on Gaza's Al-Aqsa hospital kills four, injures 17: WHO",Al-Arabiya,31/03/2024,Health and safety
325,English ,Israel says it was targeting 'Hamas gunman' when it killed WCK aid workers in Gaza,Al-Arabiya,05/04/2024,"Law and Order, Crime and Justice"
326,English ,"Hamas says submitted response to Gaza truce mediators, insists on permanent ceasefire ",Al-Arabiya,14/04/2024,Political
327,English ,"Israel pounds Gaza in light of heightened West Bank violence, US aid to Israel",Al-Arabiya,21/04/2024,Security and defense
328,English ,At least 13 Pelestinians killed in Israeli strikes on Rafah: Medical officials,Al-Arabiya,28/04/2024,Health and safety
329,English ,"Rafah's 700,000 women and girls in danger with imminent Israeli operations: UN women ",Al-Arabiya,07/05/2024,Health and safety
330,English ,Israel strikes Gaza's Rafah after fresh evacuation order,Al-Arabiya,12/05/2024,Security and defense
331,English ,US says Israel taking into account its concerns over Rafah military operation,Al-Arabiya,22/05/2024,External Regulation and Reputation
332,English ,Israel launches fresh strikes on Gaza despite global outcry over deadly Rafah attack ,Al-Arabiya,29/05/2024,External Regulation and Reputation
333,English ,Israel battles Hamas as mediators urge both sides to accept Gaza truce plan,Al-Arabiya,03/06/2024,Political
334,English ,"Hamas says it accepts UN-backed Gaza truce plan, US cites 'hopeful sign'",Al-Arabiya,11/06/2024,Political
335,English ,"Israeli forces deepen Rafah invasion, kill 17 in central camps",Al-Arabiya,18/06/2024,Security and defense
336,English ,"Israeli airstrikes kill at least 24 in Gaza City, health officials say ",Al-Arabiya,26/06/2024,Health and safety
337,English ,"Around 250,000 in southern Gaza hit by Israel's new evacuation  order: UN",Al-Arabiya,02/07/2024,Quality of life
338,English ,Hamas says mediators have not yet provided updates on Gaza ceasefire talks,Al-Arabiya,11/07/2024,Political
339,English ,Gaza hospital says newborn saved from dead mother's womb,Al-Arabiya,20/07/2024,Health and safety
340,English ,"Israeli forces advance in south Gaza, more people displaced, residents say",Al-Arabiya,29/07/2024,Quality of life
341,English ,Israeli delegation to travel to Cairo for Gaza hostage negotiations ,Al-Arabiya,04/08/2024,Political
342,English ,Hamas official says group is losing faith in US as mediator in Gaza ceasefire talks,Al-Arabiya,15/08/2024,External Regulation and Reputation
343,English ,Hamas says Biden remarks 'green light' for Israel to continue war,Al-Arabiya,20/08/2024,External Regulation and Reputation
344,English ,Gaza talks resume in Cairo as suffering worsens under Israeli campaign ,Al-Arabiya,24/08/2024,Political
345,English ,Israel’s Netanyahu unbowed by pressure as Gaza war rages on,Al-Arabiya,03/09/2024,Political
346,English ,Red Crescent: Dozens killed ‘while sleeping’ in Israeli airstrike on Gaza camp,Al-Arabiya,10/09/2024,Health and safety
347,English ,"At least 41,252 Palestinians killed in Gaza since Oct. 7: Ministry",Al-Arabiya,17/09/2024,Health and safety
348,English ,"Israeli bombardments on Gaza kill at least 15 Palestinians, mostly children",Al-Arabiya,24/09/2024,Health and safety
349,English ,"Israeli bombardment kills 29 people in Gaza, militants renew rocket fire into Israel",Al-Arabiya,04/10/2024,Security and defense
350,English ,Israeli strikes kill at least 12 Palestinians in Gaza: Reports,Al-Arabiya,09/10/2024,Health and safety
351,English ,Israel sends more troops into north Gaza,Al-Arabiya,18/10/2024,Security and defense
352,English ,Twenty reported killed in Gaza as Israel intensifies siege of north,Al-Arabiya,23/10/2024,Health and safety
353,English ,"Health ministry in Gaza says war death toll at 43,374",Al-Arabiya,4/11/2024,Health and safety
354,English ,"Dozens killed and wounded in Israeli strike on northern Gaza’s Jabalia, medics say",Al-Arabiya,10/11/2024,Health and safety
355,English ,Hamas: No hostages-for-prisoners swap deal with Israel unless Gaza war ends,Al-Arabiya,20/11/2024,Political
356,English ,Gaza progress slow as Israeli violence persists amid accusations of ceasefire breaches,Al-Arabiya,24/11/2024,Political
357,English ,"Israel has committed genocide against Palestinians in Gaza, Amnesty report says",Al-Arabiya,05/12/2024,"Law and Order, Crime and Justice"
358,English ,"Gaza mediators intensify ceasefire efforts, Israeli strikes kill 20 people",Al-Arabiya,18/12/2024,Political
359,English ,"Health ministry in Gaza says war death toll at 45,227",Al-Arabiya,21/12/2024,Health and safety
360,English ,"Gaza babies freezing to death due to cold weather, lack of shelter: UNRWA chief",Al-Arabiya,28/12/2024,Health and safety
361,English ,"At least 45,805 Palestinians killed in Gaza since Oct. 7, 2023, health ministry says",Al-Arabiya,05/01/2025,Health and safety
362,English ,Top Israeli security delegation arrives in Doha for Gaza talks,Al-Arabiya,12/01/2025,Political
363,English ,Gazans cheer as ceasefire between Israel and Hamas kicks off,Al-Arabiya,19/01/2025,Public opinion
364,English ,Hamas says Israel violating truce by blocking Gazans’ return to territory’s north,Al-Arabiya,26/01/2025,Political
365,English ,Hamas says talks on second phase of Gaza ceasefire deal have started,Al-Arabiya,04/02/2025,Political
366,English ,Netanyahu says ceasefire will end if Hamas does not return hostages by Saturday noon,Al-Arabiya,11/02/2025,Political
367,English ,"Hamas to free six Israeli Gaza hostages, hand over four bodies this week",Al-Arabiya,18/02/2025,Political
368,English ,Israel mourns Bibas family as Hamas signals breakthrough on hostages,Al-Arabiya,26/02/2025,Public opinion
369,English ,Israel military conducts air strike on militants planting explosives in Gaza,Al-Arabiya,09/03/2025,Security and defense
370,English ,"Israel kills three in latest Gaza strike, local medics say",Al-Arabiya,17/03/2025,Health and safety
371,English ,Israel strikes kill 23 in Gaza Strip as military expands evacuation orders,Al-Arabiya,25/03/2025,Security and defense
372,English ,"Health ministry in Gaza says 1,001 killed since Israel resumed strikes",Al-Arabiya,31/03/2025,Health and safety
373,English ,Gaza rescuers say at least 30 killed by Israel fire since dawn,Al-Arabiya,04/04/2025,Health and safety
374,English ,Hamas says will free all Israeli hostages if end to Gaza war guaranteed,Al-Arabiya,14/04/2025,Political
375,English ,Israel says no humanitarian aid will enter Gaza,Al-Arabiya,16/04/2025,Policy Prescription and Evaluation
376,English ,"Gaza ministry says hundreds of war missing confirmed dead, toll at 52,243",Al-Arabiya,27/04/2025,Health and safety
377,English ,Netanyahu says new Gaza offensive will be intensive,Al-Arabiya,05/05/2025,Security and defense
378,English ,"At least 10 killed, including children, in Israeli strikes on Gaza: Civil defense",Al-Arabiya,12/05/2025,Health and safety
379,English ,"Israel lets some baby food into Gaza, first aid since March",Al-Arabiya,19/05/2025,Capacity and resources
380,English ,"Palestinian official says Hamas agrees to Gaza proposal, Israel dismisses it",Al-Arabiya,26/05/2025,Political
381,English ,Israel army issues evacuation warning for parts of Gaza City,Al-Arabiya,06/06/2025,Security and defense
382,English ,"Israeli fire kills 35 people in Gaza, many at aid site, medics say",Al-Arabiya,14/06/2025,Health and safety
383,English ,Gaza rescuers say Israeli forces killed 21 people waiting for aid,Al-Arabiya,24/06/2025,Quality of life
384,English ,Israeli soldiers reportedly told to shoot Palestinians near aid sites in Gaza,Al-Arabiya,28/06/2025,"Law and Order, Crime and Justice"
385,English ,Gaza civil defense says Israeli forces kill 69 people,Al-Arabiya,03/07/2025,Health and safety
386,English ,Israel says would negotiate permanent Gaza ceasefire during 60-day truce,Al-Arabiya,10/07/2025,Political
387,English ,"Israeli strikes kill 22 in Gaza, two die in church late pope often spoke to",Al-Arabiya,17/07/2025,Health and safety
388,English ,Israel examining Hamas’ response to Gaza ceasefire proposal as fighting continues,Al-Arabiya,24/07/2025,Political
389,English ,Hamas says it won’t disarm unless independent Palestinian state established,Al-Arabiya,02/08/2025,Political
390,English ,Palestinian Authority slams Israel’s escalation in Gaza,Al-Arabiya,09/08/2025,Political
391,English ,"Israeli military prepares to relocate residents to southern Gaza, spokesperson says",Al-Arabiya,16/08/2025,Policy Prescription and Evaluation
392,English ,Israel pounds Gaza City outskirts as military push quickens,Al-Arabiya,29/08/2025,Security and defense
393,English ,"Israel sends tanks deeper in Gaza City, more families flee",Al-Arabiya,01/09/2025,Quality of life
394,English ,Israeli foreign minister calls for Hamas’ surrender as military pounds Gaza,Al-Arabiya,07/09/2025,Security and defense
395,English ,Palestinians flee Gaza City under Israeli bombardment,Al-Arabiya,14/09/2025,Quality of life
396,English ,Israeli strikes kill at least 31 people in Gaza City as tanks advance,Al-Arabiya,21/09/2025,Health and safety
397,English ,Israel ramps up Gaza City offensive as Hamas weighs Trump plan,Al-Arabiya,01/10/2025,Political
398,English ,Gaza civil defense says at least 57 killed in Israeli strikes since dawn,Al-Arabiya,04/10/2025,Health and safety
399,English ,Israel army chief warns fighting in Gaza will resume if talks fail,Al-Arabiya,05/10/2025,Security and defense
400,English ,"After two years of war in Gaza, how many Palestinians has Israel killed?",Al-Arabiya,07/10/2025,Health and safety
401,Arabic,"يوم من الارتباك والخوف في إسرائيل بسبب ""طوفان الأقصى""",BBC-Arabic,08/10/2023,Security and defense 
402,Arabic,ما الذي دار ليلا في حرب غزة؟,BBC-Arabic,08/10/2023,Other
403,Arabic,قرار إسرائيل بقطع الإمدادات عن قطاع غزة ينذر بتفاقم الوضع الإنساني,BBC-Arabic,09/10/2023,Quality of life 
404,Arabic,حرب غزة: مواقع التواصل تتحوّل إلى سجلّ لتوثيق مقتل عائلات بالكامل,BBC-Arabic,12/10/2023,Quality of life 
405,Arabic,حرب غزة: قصة فتاة فقدت 26 فردا من عائلتها دفعة واحدة، وعلمت عن طريق التلفاز,BBC-Arabic,1/11/2023,Quality of life 
406,Arabic,"نازح إلى الجنوب: ""أنا متعب جداً لا أعرف إلى أين نذهب""",BBC-Arabic,11/11/2023,Quality of life 
407,Arabic,"""اقتحام مستشفى الشفاء يظهر حدود النفوذ الأمريكي على إسرائيل"" – الإندبندنت",BBC-Arabic,17/11/2023,External Regulation and Reputation
408,Arabic,غموض حول توقيت وصول المساعدات الطبية المهمة إلى مستشفيات غزة,BBC-Arabic,24/11/2023,Health and safety 
409,Arabic,حرب غزة: أطفال معتقلون في السجون الإسرائيلية وبينهم من لم يتجاوز الـ12 عاماً,BBC-Arabic,02/12/2023,Morality
410,Arabic,"حرب غزة: ما هو القرار رقم 377 ""متحدون من أجل السلام"" في الجمعية العامة للأمم المتحدة؟",BBC-Arabic,12/12/2023,Constitutionality and Jurisprudence
411,Arabic,لا مكان في المشفى يتسع لناجٍ وحيد من قصف منزل في خان يونس,BBC-Arabic,21/12/2023,Health and safety 
412,Arabic,"كتائب القسام تقول إن مقاتليها ""يخوضون اشتباكات مسلحة ضارية بالأسلحة الثقيلة والمتوسطة مع القوات الإسرائيلية المتوغلة في محور مشترك بين جباليا البلد والمعسكر شمال قطاع غزة""",BBC-Arabic,24/12/2023,Security and defense 
413,Arabic,حرب غزة: في اليوم الـ90 للحرب 4 في المئة من السكان قتلوا أو فقدوا أو أصيبوا، والقصف الإسرائيلي يقتل العشرات في أماكن النزوح,BBC-Arabic,04/01/2024,Quality of life 
414,Arabic,حرب غزة: لماذا يتعثر وصول المساعدات الإنسانية إلى القطاع؟,BBC-Arabic,10/01/2024,Capacity and Resources
415,Arabic,ماذا نعرف عن المساجد والكنائس المدمّرة في غزة؟,BBC-Arabic,18/01/2024,Cultural Identity
416,Arabic,كل الدلائل تشير إلى تفاقم الوضع في رفح، على الرغم من صعوبة تصديق ذلك,BBC-Arabic,09/02/2024,Quality of life 
417,Arabic,هل بات اتفاق وقف إطلاق النار في غزة قريباً؟,BBC-Arabic,29/02/2024,Political 
418,Arabic,الولايات المتحدة تنفذ أول عملية إنزال جوي للمساعدات الإغاثية في قطاع غزة، فماذا نعرف عنها؟,BBC-Arabic,02/03/0204,External Regulation and Reputation
419,Arabic,"حجم المعاناة في غزة يجعل من الصعب نفي الاتهامات بارتكاب ""جرائم حرب""",BBC-Arabic,31/03/2024,"Law and Order, Crime and Justice"
420,Arabic,الذخائر غير المنفجرة، قنابل موقوتة بعد الحرب في غزة,BBC-Arabic,03/04/2024,Health and safety 
421,Arabic,إسرائيل تُعلن السماح بإدخال المساعدات الإنسانية إلى شمال قطاع غزة مؤقتاً,BBC-Arabic,05/04/2024,Policy Prescription and Evaluation
422,Arabic,ما فرص التطبيع الإسرائيلي السعودي في ظل الحرب الدائرة في غزة؟,BBC-Arabic,30/04/2024,Policy Prescription and Evaluation
423,Arabic,عدنان البرش.. وفاة الطبيب الفلسطيني الأشهر في سجن إسرائيلي,BBC-Arabic,03/05/2024,"Law and Order, Crime and Justice"
424,Arabic,"تقصي الحقائق: هل أصابت الضربة الإسرائيلية ""منطقة آمنة"" في رفح؟",BBC-Arabic,28/05/2024,"Law and Order, Crime and Justice"
425,Arabic,نقطة حوار: إلى أين وصل الجوع بأطفال غزة بعد ثمانية أشهر من الحرب؟,BBC-Arabic,04/06/2024,Quality of life 
426,Arabic,"المكتب الحكومي في غزة يحذر من ارتفاع الوفيات بسبب المجاعة, وتسجيل حالات ""تسمم"" شمالي غزة",BBC-Arabic,24/06/2024,Health and safety 
427,Arabic,أبو عبيدة يعلن تجنيد آلاف المقاتلين الجدد، ونتنياهو يقول إن الصفقة يجب أن تسمح باستمرار القتال,BBC-Arabic,07/06/2024,Security and defense
428,Arabic,"هنية يطالب مصر وقطر بعمل كل ما يلزم لوقف ""المجازر"" وحماس تؤكد قرارها ""وقف المفاوضات""",BBC-Arabic,14/07/2024,Political
429,Arabic,"مقتل عشرات الفلسطنين في مختلف أنحاء قطاع غزة, والكنيست يتبني مشروع قرار يؤكد ""رفض اقامة دولة فلسطينية""",BBC-Arabic,24/07/2024,Health and safety 
430,Arabic,إصابة جنود إسرائيليين جنوبي القطاع، وإسرائيل تُسلم 80 جثمانا لفلسطينيين كانت تحتجزهم,BBC-Arabic,05/08/2024,Security and defense 
431,Arabic,"غزة اليوم: ""كدت أجزم أن لا عالم خارج حدودك ياغزة"" منة بشير، الشابة الغزية تنادي بوجع الألم على من تحب في غزة.",BBC-Arabic,11/08/2024,Other
432,Arabic,"إسرائيل توافق على ""هدنات إنسانية"" في غزة للتلقيح ضد شلل الأطفال",BBC-Arabic,29/08/2024,Health and safety 
433,Arabic,"انطلاق حملة التطعيم ضد شلل الأطفال في غزة، ونتنياهو يقول إن هذه الهدن الموقتة ""ليست وقفا لإطلاق النار""",BBC-Arabic,01/09/2024,Health and safety 
434,Arabic,"معتز عزايزة: ""كل بيت في غزة فقد شخصا واحدا على الأقل""",BBC-Arabic,02/09/2024,Quality of life 
435,Arabic,استمرار الغارات على غزة,BBC-Arabic,03/09/2024,Security and defense 
436,Arabic,حكومة اليمين المتطرف في إسرائيل تريد استغلال يوم 7 أكتوبر لاحتلال غزة واستيطانها,BBC-Arabic,08/10/2024,Political
437,Arabic,قتلى وجرحى في غارات إسرائيلية على مخيم جباليا ومستشفى شهداء الأقصى ومخيم النصيرات في قطاع غزة,BBC-Arabic,14/10/2024,Health and safety 
438,Arabic,شجرة زيتون وحيدة نجت من قصف مزرعة كاملة في غزة,BBC-Arabic,15/10/2024,Cultural Identity
439,Arabic,"حماس تعلن مقتل يحيى السنوار في ""مواجهة عسكرية"" في غزة",BBC-Arabic,18/10/2024,Security and defense 
440,Arabic,"""تشاهدوننا نحترق وتلتزمون الصمت"" معاناة أسرة فلسطينية بعد احتراق أم وابنيها في مخيم دير البلح",BBC-Arabic,19/10/2024,Morality
441,Arabic,كيف ستؤثر مذكرات الاعتقال بحق نتنياهو وغالانت على حرب غزة ولبنان؟,BBC-Arabic,22/11/2024,Policy prescription and evaluation
442,Arabic,"الجيش الإسرائيلي يحقق بـ""مزاعم"" مقتل رهينة لدى حماس، ومئات الغزيين ينزحون قسراً تحت ظروف ""مزرية""",BBC-Arabic,24/11/2024,"Law and Order, Crime and Justice"
443,Arabic,حينما تصبح ربطة خبز أغلي هدية يقدمها المقبلون علي الزواج في غزة,BBC-Arabic,13/12/2024,Quality of life
444,Arabic,قصف إسرائيلي يطال خيام نازحين في خان يونس,BBC-Arabic,22/12/2024,Quality of life
445,Arabic,مقتل جنديين إسرائيليين وإصابة آخريْن بجروح خطيرة خلال اشتباكات شمال قطاع غزة,BBC-Arabic,06/01/2025,Security and defense
446,Arabic,صفقة الرهائن هي أول اختبار حقيقي لترامب,BBC-Arabic,10/01/2025,Political
447,Arabic,مسؤولون فلسطينيون وإسرائيليون يرجحون التوصل إلى اتفاق وقف إطلاق النار بحلول الغد على أقصى تقدير,BBC-Arabic,15/01/2025,Political
448,Arabic,نتنياهو ضحى بالرهائن الإسرائيليين من أجل مصلحته الشخصية,BBC-Arabic,15/01/2025,Political
449,Arabic,وقف إطلاق النار في غزة لن ينهي الصراع,BBC-Arabic,16/01/2025,Security and defense
450,Arabic,سكان غزة يترقبون وقف إطلاق النار ويخشون مفاجآت اللحظة الأخيرة,BBC-Arabic,18/01/2025,Public opinion
451,Arabic,غزيون يعربون عن فرحتهم ببدء سريان وقف إطلاق النار في غزة,BBC-Arabic,19/01/2025,Public opinion
452,Arabic,هل يجد مقترح ترامب لتهجير سكان غزة آذاناً صاغية؟,BBC-Arabic,01/02/2025,Policy Prescription and Evaluation
453,Arabic,"خطة ترامب بشأن غزة ""تتعارض مع القانون الدولي""",BBC-Arabic,05/02/2025,Constitutionality and Jurisprudence
454,Arabic,ترامب: إسرائيل ستسلم غزة لأمريكا بعد الحرب، ووزير الخارجية الإسرائيلي يقول إن لا تفاصيل لدينا حول الخطة,BBC-Arabic,06/02/2025,Political
455,Arabic,"انسحاب إسرائيلي مرتقب من نتساريم، ونتنياهو يتعهد بـ ""تدمير"" حماس",BBC-Arabic,08/02/2025,Security and defense
456,Arabic,إسرائيل وحماس تتبادلان الدفعة السادسة من الرهائن والسجناء ضمن صفقة وقف إطلاق النار في غزة,BBC-Arabic,15/02/2025,Policy Prescription and Evaluation
457,Arabic,تسليم رفات 4 رهائن إسرائيليين الخميس، وحماس تبدي استعدادها للإفراج عن جميع الرهائن,BBC-Arabic,19/02/2025,Policy Prescription and Evaluation
458,Arabic,"توافق أمريكي إسرائيلي على ""هدنة في غزة"" خلال رمضان وعيد الفصح، وحماس تتمسك بتطبيق المرحلة الثانية من اتفاق وقف اطلاق النار",BBC-Arabic,01/03/2025,Political
459,Arabic,مسؤولون فلسطينيون لبي بي سي: فشل محادثات وقف إطلاق النار,BBC-Arabic,15/03/2025,Political
460,Arabic,مقتل عشرات الفلسطينيين في غارات إسرائيلية عنيفة على غزة، والجيش يحذر سكان القطاع من التنقل عبر محور صلاح الدين,BBC-Arabic,20/03/2025,Security and defense
461,Arabic,إسرائيل تطلب إخلاء منطقة تل السلطان جنوبي قطاع غزة، وحماس تعلن مقتل قيادي في الحركة بغارة غرب خان يونس,BBC-Arabic,23/03/2025,Security and defense
462,Arabic,"الناجي الوحيد من الهجوم على فريق المسعفين، يروي لبي بي سي تفاصيل الحادث، والجيش الإسرائيلي يقر بأن روايته الأولى ""غير دقيقة""",BBC-Arabic,03/04/2025,Quality of life
463,Arabic,نتنياهو يزور البيت الأبيض الأسبوع المقبل، وعملية إسرائيلية برية جديدة في غزة,BBC-Arabic,04/04/2025,Political
364,Arabic,"إسرائيل تقول إنها تواصل العمليات العسكرية ""ضد حماس""، والحركة تدين ""جريمة"" استهداف أطفال بحي التفاح",BBC-Arabic,06/04/2025,Security and defense
465,Arabic,"وفاة طفل في غزة بعد توقف أجهزة العناية في المستشفى المعمداني، وإسرائيل تقول ""إن الغارة لم تُصب المدنيين""",BBC-Arabic,12/04/2025,Health and safety
466,Arabic,"أكثر من 40 قتيلاً فلسطينياً في غارات إسرائيلية على غزة، وحماس تعلن رفضها لـ""الصفقات الجزئية"" وتسليم السلاح",BBC-Arabic,18/04/2025,Security and defense
467,Arabic,قصف مركز شرطة جباليا ضمن غارات متواصلة على غزة والجيش الإسرائيلي يقول انه مقر لمقاتلي حماس,BBC-Arabic,24/04/2025,Security and defense
468,Arabic,أسطول الحرية: السفينة المتوجهة إلى غزة تتعرض لقصف بمسيّرة ومالطا تؤكد سلامة جميع ركابها,BBC-Arabic,02/05/2025,Security and defense
469,Arabic,"وزير إسرائيلي يهدد ""بتدمير غزة بالكامل""، وحماس تقول ""لا معنى للمفاوضات مع حرب التجويع""",BBC-Arabic,06/05/2025,Security and defense
470,Arabic,"نتنياهو: الجيش سيدخل غزة ""بكل قوته"" في الأيام المقبلة",BBC-Arabic,13/05/2025,Security and defense
471,Arabic,الصحة الفلسطينية: غارات إسرائيلية تقتل العشرات شمال غزة,BBC-Arabic,14/05/2025,Health and safety
472,Arabic,الفوضى تتفشى في غزة بينما ينتظر السكان اليائسون وصول الطعام,BBC-Arabic,24/05/2025,Quality of life
473,Arabic,"مصر وقطر تدفعان صوب ""تجاوز الخلافات"" والتوصل لهدنة في غزة",BBC-Arabic,01/06/2025,External Regulation and Reputation
474,Arabic,"""تسريب تقرير للاتحاد الأوروبي حول غزة يُفاقم الضغوط على إسرائيل"" - صحف",BBC-Arabic,04/06/2025,External Regulation and Reputation
475,Arabic,"قتلى وجرحى قرب مركزين لتوزيع المساعدات في غزة، والجيش الإسرائيلي يقر بإطلاق ""أعيرة تحذيرية""",BBC-Arabic,09/06/2025,Security and defense
476,Arabic,قصف إسرائيلي يودي بحياة العشرات من مُنتظري المساعدات جنوب قطاع غزة,BBC-Arabic,17/06/2025,Quality of life
477,Arabic,بعد مرور شهر على نظام المساعدات الجديد في غزة، أصبح إطلاق النار والفوضى روتيناً,BBC-Arabic,27/06/2025,Quality of life
478,Arabic,عشرات القتلى في قصف إسرائيلي على غزة، وتساؤلات في القطاع حول الهدنة المؤقتة,BBC-Arabic,02/07/2025,Security and defense
479,Arabic,متعاقد أمني سابق في مؤسسة غزة الإنسانية: زملائي فتحوا النار على فلسطينيين جوعى,BBC-Arabic,05/07/2025,"Law and Order, Crime and Justice"
480,Arabic,"حماس توافق على الإفراج عن 10 رهائن ضمن محادثات وقف النار، ونتنياهو يدعم إبرام الصفقة ""لكن ليس بأي ثمن""",BBC-Arabic,09/07/2025,Policy Prescription and Evaluation
481,Arabic,مقتل 10 عند نقطة لتوزيع المياة بمخيم النصيرات وحنظلة سفينة جديدة من اسطول الحرية تحاول كسر الحصار على غزة,BBC-Arabic,13/07/2025,Quality of life
482,Arabic,مقتل أكثر من 80 فلسطينياً في قصف إسرائيلي على قطاع غزة معظمهم من منتظري المساعدات الإنسانية,BBC-Arabic,19/07/2025,Quality of life
483,Arabic,الأمم المتحدة تنتقد أمر الإخلاء الإسرائيلي في غزة، ووزارة الصحة في القطاع تعلن تسجيل وفيات بسبب الجوع,BBC-Arabic,20/07/2025,Fairness and equality 
484,Arabic,"""حتى النحل جاع في غزة، وفرّ خوفاً وفزعاً من القصف""",BBC-Arabic,22/07/2025,Quality of life
485,Arabic,برنامج الأغذية يقول إن ثلث أُسَر غزة لا يأكلون لأيام,BBC-Arabic,25/07/2025,Quality of life
486,Arabic,"مقتل موظف بغارة استهدفت مقر الهلال الأحمر في خان يونس، وحماس تربط تسليم السلاح بـ ""إقامة دولة فلسطينية""",BBC-Arabic,02/08/2025,Security and defense
487,Arabic,"خلافات ""غير مسبوقة"" في قيادة الجيش الإسرائيلي بشأن تكثيف الغارات على غزة",BBC-Arabic,06/08/2025,Political
488,Arabic,الأسبوع العالمي للرضاعة الطبيعية: أمهات غزة يعتمدن على الرضاعة رغم نقص الغذاء,BBC-Arabic,07/08/2025,Capacity and resources 
489,Arabic,"نتنياهو يقول إن هدف إسرائيل ""ليس أخذ غزة بل تحريرها من حماس""، والحركة تتعهد بـ""مقاومة شرسة""",BBC-Arabic,08/08/2025,Security and defense
490,Arabic,قتلى وجرحى عند نقاط توزيع مساعدات بغزة، وخطة مصرية قطرية محتملة لإنهاء الحرب,BBC-Arabic,09/08/2025,Quality of life
491,Arabic,"نتنياهو ينفى ""المماطلة"" في إنهاء حرب غزة، و24 دولة تدعو إسرائيل للسماح بدخول ""غير مُقيّد"" للمساعدات إلى غزة",BBC-Arabic,11/08/2025,External Regulation and Reputation
492,Arabic,إرهاق وجوع ورعب: هكذا يعيش ويعمل الصحفيون في غزة,BBC-Arabic,20/08/2025,Quality of life
493,Arabic,"إدانات واسعة لمقتل خمسة صحفيين في قصف استهدف مستشفى ناصر في خان يونس، ونتنياهو يقول إنه ""حادث مأساوي""",BBC-Arabic,25/08/2025,Health and safety
494,Arabic,المكتب الحكومي بغزة ينفي إعلان إسرائيل استهداف كاميرا لحماس عند مستشفى ناصر ويقول إنها لرويترز,BBC-Arabic,26/08/2025,other
495,Arabic,أكبر جمعية دولية معنية بأبحاث الإبادة: إسرائيل استوفت المعايير القانونية لارتكاب إبادة جماعية في غزة,BBC-Arabic,01/09/2025,Constitutionality and Jurisprudence
496,Arabic,"الجيش الإسرائيلي يصدر تحذيراً لسكان برج ""مكة"" قبل قصفه، بعد استهدافه برجاً آخر ضمن حملة لاستهداف مبانٍ متعددة الطوابق في مدينة غزة",BBC-Arabic,05/09/2025,security and defense
497,Arabic,"بتسلئيل سموتريتش: وزير اليمين المتطرف الذي يرى في غزة ""فرصة عقارية ذهبية""",BBC-Arabic,18/09/2025,Political
498,Arabic,سكان غزة المنهكون يطالبون حماس بقبول خطة ترامب,BBC-Arabic,30/09/2025,Public opinion
499,Arabic,"إسرائيل تسيطر على آخر سفن ""أسطول الصمود العالمي""",BBC-Arabic,03/10/2025,Security and defense
500,Arabic,"""كلهم رحلوا، وبقيت أنا"" في غزة: حين تُمحى العائلة بالكامل، ويُكتب لشخص واحد أن يعيش",BBC-Arabic,07/10/2025,Quality of life
501,Arabic,الجيش الإسرائيلي: مسلحون من غزة دخلوا الأراضي الإسرائيلية,CNN-Arabic,07/10/2023,Security and defense
502,Arabic,"حركة ""حماس"" تدّعي أنها احتجزت مزيدا من الرهائن الأحد وعبرت بهم إلى غزة",CNN-Arabic,09/10/2023,Security and defense
503,Arabic, الجيش الإسرائيلي يُعلن دخول بعض قواته إلى غزة بحثا عن الرهائن,CNN-Arabic,13/10/2023,Security and defense
504,Arabic,"كنيسة القديس برفيريوس في غزة تعلن تعرضها لـ""قصف"".. وإسرائيل تعلق",CNN-Arabic,20/10/2023,Morality 
505,Arabic,"الأمم المتحدة: غارات إسرائيل على مخيم جباليا ""قد ترقى إلى مستوى جرائم حرب""",CNN-Arabic,02/11/2023,Constitutionality and jurisprudence
506,Arabic,"بايدن يتحدث عن ""الحل الوحيد"" للصراع بين إسرائيل وحماس في غزة",CNN-Arabic,16/11/2023,Policy prescription and evaluation
507,Arabic, غزة بثالث أيام الهدنة بين إسرائيل وحماس الأحد,CNN-Arabic,26/11/2023,Policy prescription and evaluation
508,Arabic, إسرائيل وحماس تعلنان التوصل لاتفاق لتمديد الهدنة قبل دقائق من انتهائها,CNN-Arabic,30/11/2023,Policy prescription and evaluation
509,Arabic,إسرائيل تشن سلسلة غارات مدمرة على شمال غزة وأنباء عن عشرات القتلى,CNN-Arabic,03/12/2023,Security and defense
510,Arabic,الجيش الإسرائيلي يعلن تعليق النشاطات العسكرية لأغراض إنسانية بالحي الإداري في رفح لـ4 ساعات,CNN-Arabic,10/12/2023,Health and safety
511,Arabic,"وزير الدفاع الإسرائيلي أجرى ""محادثات مؤلمة"" مع عائلات الرهائن الثلاثة المقتولين بالخطأ في غزة",CNN-Arabic,17/12/2023,Quality of life
512,Arabic,اليونيسف: جميع الأطفال دون سن الخامسة في غزة معرضون للوفاة,CNN-Arabic,23/12/2023,Health and safety
513,Arabic,ماكدونالدز تأثرت بصراع إسرائيل وحماس.. ورئيسها التنفيذي يعترف,CNN-Arabic,06/01/2024,Economic
514,Arabic,اليمين المتطرف في إسرائيل يريد إخراج الفلسطينيين من غزة.. وأفكاره بدأت تحظى باهتمام,CNN-Arabic,18/01/2024,Political
515,Arabic,كانوا يصطفون لتلقي المساعدات.. 20 قتيلا بإطلاق نار على مركز إغاثة في غزة,CNN-Arabic,26/01/2024,Quality of life
516,Arabic,"""أطباء بلا حدود"": الخدمات الحيوية انهارت في أكبر مستشفى متبقي في غزة",CNN-Arabic,27/01/2024,Capacity and resources
517,Arabic,"وزير الدفاع الإسرائيلي يدعي أن زعيم حماس يحي السنوار في ""حالة فرار"" ولا يقود قوات الحركة",CNN-Arabic,06/02/2024,Security and defense
518,Arabic,"""رفح تحت القصف"".. كل ما نعرفه عن القصف الإسرائيلي ""المكثف"" على الملجأ الأخير للمدنيين في غزة",CNN-Arabic,12/02/2024,Security and defense
519,Arabic,إسرائيل تطلق تحذيرا قبل رمضان بشأن توسيع العمليات في رفح,CNN-Arabic,19/02/2024,Security and defense
520,Arabic,"مسؤول إسرائيلي لـCNN: الجيش يعمل على إدخال المساعدات إلى شمال غزة ""بسرعة""",CNN-Arabic,27/02/2024,Capacity and resources
521,Arabic,"""جبن ونذالة"".. الأزهر يشن هجوما لاذعا بعد استهداف حشد تجمع حول مساعدات في غزة",CNN-Arabic,01/03/2024,Morality 
522,Arabic,وزارة الصحة في غزة: ارتفاع عدد الأشخاص الذين توفوا بسبب الجفاف وسوء التغذية إلى 23 شخصا,CNN-Arabic,09/03/2024,Health and safety
523,Arabic,الجيش الإسرائيلي: مقتل 4 عناصر بارزين في حركة حماس برفح,CNN-Arabic,20/03/2024,Security and defense
524,Arabic,"إسرائيل ترد على ""تحذير"" أممي من مجاعة في غزة: ""حماس"" تسيطر على المساعدات",CNN-Arabic,30/03/3024,Capacity and resources
525,Arabic,"مؤسس ""المطبخ المركزي العالمي"" يكسر صمته ويوجه رسالة لنتنياهو مؤكدًا: استهداف موظفينا لم يكن بالخطأ",CNN-Arabic,04/04/2024,Morality 
526,Arabic,بالأسماء.. أبناء وأحفاد إسماعيل هنية الـ7 بعد اعلان مقتلهم,CNN-Arabic,11/04/2024,Health and safety
527,Arabic,غزة: الدفاع المدني يعلن العثور على أكثر من 200 جثة بمقبرة جماعية بمستشفى في خان يونس,CNN-Arabic,22/04/2024,Health and safety
528,Arabic,"نتنياهو لعائلات الرهائن: قواتنا ستدخل رفح بـ""صفقة أو دونها"" للقضاء على كتائب حماس",CNN-Arabic,30/04/2024,Security and defense
529,Arabic,"الجيش الإسرائيلي يُطالب سكان بعض مناطق رفح بـ""الإخلاء الفوري""",CNN-Arabic,06/05/2024,Security and defense
530,Arabic,الجيش الإسرائيلي يسيطر على معبر رفح من الجانب الفلسطيني ويرفع أعلامه عليه,CNN-Arabic,07/05/2024,Security and defense
531,Arabic,الجيش الإسرائيلي: عثرنا على جثث 3 رهائن في قطاع غزة,CNN-Arabic,17/05/2024,Health and safety
532,Arabic,المحكمة الجنائية الدولية تعمل على إصدار مذكرات اعتقال بحق نتنياهو والسنوار,CNN-Arabic,20/05/2024,Constitutionality and jurisprudence
533,Arabic,مسؤولون طبيون في غزة: 65 شخصًا قُتلوا بغارة جوية إسرائيلية على دير البلح.. شاهد آثارها المدمرة,CNN-Arabic,06/06/2024,Health and safety
534,Arabic,"قيادي في ""حماس"" يعلق على رد الحركة بشأن مقترح وقف إطلاق النار",CNN-Arabic,12/06/2024,Security and defense
535,Arabic,الدفاع المدني بغزة: غارات جوية وقصف مدفعي في رفح منذ فجر السبت,CNN-Arabic,15/06/2024,Security and defense
536,Arabic,الجيش الأمريكي أعاد رصيف المساعدات إلى غزة بعد تفكيكه للمرة الثانية,CNN-Arabic,20/06/2024,Capacity and resources
537,Arabic,مدير الموساد يسافر إلى قطر لمواصلة مفاوضات وقف إطلاق النار في غزة,CNN-Arabic,05/07/2024,Political
538,Arabic,مصدر رسمي يعلق على صحة وجود ترتيبات أمنية مصرية إسرائيلية بشأن الحدود مع غزة,CNN-Arabic,12/07/2024,External regulation and reputation
539,Arabic,حماس ومكتب نتنياهو يتبادلان الاتهامات بعرقلة مفاوضات وقف إطلاق النار,CNN-Arabic,29/07/2024,Policy prescription and evaluation
540,Arabic,حماس تكشف طريقة اغتيال إسماعيل هنية وتتوعد: القسام لن يدع الأمر يمر دون حساب,CNN-Arabic,31/07/2024,Morality 
541,Arabic,الجيش الإسرائيلي يعلن بدء عمليات عسكرية في خان يونس جنوب غزة,CNN-Arabic,09/08/2024,Security and defense
542,Arabic,مصدر إسرائيلي يكشف عن رغبة يحيى السنوار في التوصل لاتفاق وقف إطلاق النار,CNN-Arabic,11/08/2024,Policy prescription and evaluation
543,Arabic,إسرائيل تُعلن استعادة جثث 6 رهائن من قطاع غزة.. ونتنياهو يُعلق,CNN-Arabic,20/08/2024,Health and safety
544,Arabic,الجيش الإسرائيلي يعلن إنقاذ رهينة من غزة.. وهاغاري يرد على ما أثير حول هروبه بنفسه,CNN-Arabic,27/08/2024,Security and defense
545,Arabic,ظهر بفيديو سابق لحماس.. رهينة إسرائيلي أمريكي من بين الجثث المستعادة من غزة السبت,CNN-Arabic,01/09/2024,Health and safety
546,Arabic,"جدل في إسرائيل بسبب تصريح نتنياهو عن ""ضرورة"" السيطرة على محور فيلادلفيا",CNN-Arabic,03/09/2024,Public opinion
547,Arabic,تسجيل مسرب لحوار حاد بين نتنياهو وعائلة رهينة إسرائيلي.. استمعوا إلى ما دار فيه,CNN-Arabic,12/09/2024,Public opinion
548,Arabic,الجيش الإسرائيلي يعلن مقتل محمد منصور العنصر البارز بحماس في غزة,CNN-Arabic,21/09/2024,Security and defense
549,Arabic,"""كانوا محترقين"".. غزة: 16 قتيلا و17 مصابًا في هجوم على مستشفى بمخيم جباليا",CNN-Arabic,09/10/2024,Health and safety
550,Arabic,"إسرائيل تراجع رسالة أمريكا بشأن ""تحسين الوضع الإنساني"" في غزة",CNN-Arabic,16/10/2024,External regulation and reputation
551,Arabic,"""حماس"" تُعلن رسميا مقتل يحيى السنوار: ننعى قائد معركة ""طوفان الأقصى""",CNN-Arabic,18/10/2024,Security and defense
552,Arabic,غزة: تقارير عن عشرات القتلى في غارات متواصلة على جباليا.. والجيش الإسرائيلي يعلق,CNN-Arabic,19/10/2024,Health and safety
553,Arabic,متظاهرون متعاطفون مع غزة يقطعون حديث كامالا هاريس مرتين.. كيف ردت؟,CNN-Arabic,02/11/2024,Public opinion
554,Arabic,برنامج الغذاء العالمي: إسرائيل رفضت تسليم مساعدات غذائية إلى شمال غزة,CNN-Arabic,12/11/2024,Capacity and resources
555,Arabic,"“إنه مليء بالحروق.. وهو الناجي الوحيد"": نازحون من غزة يفرون من الشمال بعد غارات إسرائيلية",CNN-Arabic,14/11/2024,Health and safety
556,Arabic,"الحكومة الإسرائيلية تقر بالإجماع فرض عقوبات على صحيفة ""هآرتس"" بسبب انتقاداتها للحرب في غزة",CNN-Arabic,25/11/2024,Constitutionality and jurisprudence
557,Arabic,تقارير عن مقتل 200 شخص في غارات إسرائيلية شمال غزة,CNN-Arabic,01/12/2024,Health and safety
558,Arabic,شهود: الجيش الإسرائيلي قتل أربعة أطباء بمداهمة لمستشفى كمال عدوان شمال غزة,CNN-Arabic,06/12/2024,Health and safety
559,Arabic,مسؤولون: 33 قتيلا بغارات إسرائيلية على مجمع سكني في غزة,CNN-Arabic,13/12/2024,Health and safety
560,Arabic,"حماس: التوصل إلى اتفاق وقف إطلاق النار في غزة ""ممكن""",CNN-Arabic,17/12/2024,Policy prescription and evaluation
561,Arabic,نتنياهو يوافق على إرسال مفاوضين إلى قطر لاستئناف المفاوضات حول غزة,CNN-Arabic,03/01/2025,Political
562,Arabic,"تصريح ترامب عن ""جحيم"" بالشرق الأوسط إذا لم تسلم حماس الرهائن قبل تنصيبه يشعل تفاعلا",CNN-Arabic,08/01/2025,Public opinion
563,Arabic,رد فعل أقارب رهائن على طبيعة اتفاق وقف إطلاق النار في غزة وتفاصيله: ندعم أي اتفاق,CNN-Arabic,15/01/2025,Public opinion
564,Arabic,طائرة مسيّرة ترصد حجم الدمار الهائل في شمال غزة بعد 15 شهرًا من الحرب,CNN-Arabic,20/01/2025,Quality of life
565,Arabic,"""لا توجد تفاصيل واضحة"".. رئيس وزراء قطر يعلق على مفاوضات المرحلة الثانية من اتفاق غزة",CNN-Arabic,02/02/2025,Policy prescription and evaluation
566,Arabic,إجلاء طفلة مصابة بمرض خطير من غزة.. إليك قصة حبيبة والمعاناة التي شهدتها عائلتها,CNN-Arabic,05/02/2025,Health and safety
567,Arabic,بعد فحص بقايا بشرية عادت من غزة.. مصادر تؤكد مقتل الرهينة الإسرائيلية شيري بيباس,CNN-Arabic,22/02/2025,Health and safety
568,Arabic,رجال ملتحون بزي رقص شرقي وبكيني وكازينوهات.. تحليل لفيديو ترامب عن غزة وما قد يحدثه في هذا الوقت,CNN-Arabic,27/02/2025,Political
569,Arabic,إسرائيل توقف تدفق المساعدات لغزة وحماس تعلق,CNN-Arabic,02/03/2025,Capacity and resources
570,Arabic,إسرائيل تعلن وقف نقل الكهرباء إلى غزة.. وبيان يوضح السبب,CNN-Arabic,09/03/2025,Political
571,Arabic,أطفال فلسطينيون يروون لـCNN معاناتهم في ظل الحرب في غزة,CNN-Arabic,21/03/2025,Quality of life
572,Arabic,إسرائيل تصعّد هجماتها في غزة.. ومظاهرات في تل أبيب تطالب بصفقة مع حماس,CNN-Arabic,30/03/2025,Security and defense
573,Arabic,إسرائيل توسع عملياتها البرية شمال غزة وتستولي على المزيد من الأراضي,CNN-Arabic,04/04/2025,Security and defense
574,Arabic,"تشريح جثة مراهق فلسطيني معتقل يكشف وفاته بسبب ""سوء التغذية"" بسجن إسرائيلي",CNN-Arabic,06/04/2025,Health and safety
575,Arabic,"من غزّة إلى عمّان.. الطفل ""مصعب"" يخوض رحلة علاج من جراح حرب نفسية وجسدية",CNN-Arabic,10/04/2025,Health and safety
576,Arabic,شاهد ما قاله طبيب بعد تدمير غارة إسرائيلية لجزء من آخر مستشفى يعمل بكامل طاقته في غزة,CNN-Arabic,13/04/2025,Health and safety
577,Arabic,مصدران لـCNN: إسرائيل تصادق على خطة موسعة لاحتلال أراضي غزة وإيصال المساعدات,CNN-Arabic,05/05/2025,Security and defense
578,Arabic,"""الأونروا"": مئات آلاف الفلسطينيين يتناولون وجبة واحدة كل يومين أو ثلاثة ولن نشارك بخطة إسرائيل بشأن المساعدات",CNN-Arabic,06/05/2025,Health and safety
579,Arabic,"""حماس لا ترد على أحد"".. سفير أمريكا بإسرائيل عن وضع مفاوضات غزة",CNN-Arabic,10/05/2025,Political 
580,Arabic,"خلال جولته الخليجية.. ترامب يطرح رؤيته بشأن غزة: ""أريدها منطقة حرة""",CNN-Arabic,15/05/2025,Policy prescription and evaluation
581,Arabic,"""جوعتونا يا كلاب"".. أم فلسطينية تحاول يائسةً جمع بقايا طحين متناثر على الأرض",CNN-Arabic,01/06/2025,Morality 
582,Arabic,"ردود فعل على مقتل قائد ""المجاهدين"" أسعد أبو شريعة من عائلات رهائن إسرائيليين احتجزهم بغزة",CNN-Arabic,08/06/2025,Public opinion
583,Arabic,غزة.. سقوط قتلى جدد عند محاولتهم الوصول إلى مواقع توزيع المساعدات,CNN-Arabic,10/06/2025,Health and safety
584,Arabic,عملية ليلية في غزة وما نتج عنها.. بيان للشاباك والجيش ونتنياهو يعلق,CNN-Arabic,05/06/2025,Security and defense
585,Arabic,مشهد مؤثر لـ4 رُضّع حديثي الولادة يتشاركون حاضنة واحدة في مستشفى بغزة,CNN-Arabic,09/07/2025,Health and safety
586,Arabic,نقطة خلافية واحدة تعرقل محادثات وقف إطلاق النار في غزة بين إسرائيل وحماس,CNN-Arabic,13/07/2025,Policy prescription and evaluation
587,Arabic,غزة.. تدافع بين فلسطينيين على مساعدات يودي بحياة 20 شخصا على الأقل,CNN-Arabic,17/07/2025,Health and safety
588,Arabic,"غزة تعاني ""مجاعة جماعية""..مئات القتلى خلال انتظارهم المساعدات وانعدام الأمن الغذائي لسكانها",CNN-Arabic,24/07/2025,Health and safety
589,Arabic,غارات إسرائيلية تستهدف مقر الهلال الأحمر الفلسطيني في غزة,CNN-Arabic,03/08/2025,Security and defense
590,Arabic,"إسرائيل..""الكابينت"" يمنح نتنياهو ""الضوء الأخضر"" للسيطرة على مدينة غزة رغم المعارضة في الداخل والخارج",CNN-Arabic,08/08/2025,Security and defense
591,Arabic,هل ستضغط على إسرائيل لتسمح للصحفيين بدخول غزة؟.. ترامب يرد,CNN-Arabic,14/08/2025,Political 
592,Arabic,"طبيبة أمريكية: ضرب مستشفى ناصر ""جريمة متعمدة"" ومنع الأطباء من دخول غزة ""سياسة ممنهجة""",CNN-Arabic,26/08/2025,Morality 
593,Arabic,رئيس الأركان الإسرائيلي السابق: أكثر من 10% من سكان غزة قُتلوا أو جُرحوا منذ بدء الحرب,CNN-Arabic,15/09/2025,Health and safety
594,Arabic,إسرائيل تبدأ توغلها البري.. ونزوح جماعي على نطاق لم تشهده غزة منذ أشهر,CNN-Arabic,16/09/2025,Security and defense
595,Arabic,"محمود عباس يدعو ""حماس"" إلى ""تسليم سلاحها"": ""نريد دولة بقانون واحد وقوات أمن شرعية""",CNN-Arabic,22/09/2025,Policy prescription and evaluation
596,Arabic,"إيطاليا وإسبانيا تنشران سفنًا لمساعدة ""أسطول الصمود"" بعد تعرضه لهجوم",CNN-Arabic,24/09/2025,External regulation and reputation
597,Arabic,"""أسطول الصمود"".. لحظة اعتراض قوات الجيش الإسرائيلي عدة سفن كانت تنقل مساعدات إلى غزة",CNN-Arabic,02/10/2025,Security and defense
598,Arabic,ترامب يدعو إسرائيل لوقف قصف غزة بعد رد حماس على خطته.. هل نقترب من نهاية الحرب؟,CNN-Arabic,04/10/2025,Policy prescription and evaluation
599,Arabic,"ترامب عن مفاوضات وقف إطلاق النار في غزة: ""سلام بالشرق الأوسط لأول مرة منذ 3 آلاف عام""",CNN-Arabic,06/10/2025,Political 
600,Arabic,حماس تحدد مطالبها الرئيسية بمباحثات وقف إطلاق النار في غزة.. ما هي؟,CNN-Arabic,07/10/2025,Policy prescription and evaluation
601,Arabic,طوفان الأقصي.. المقاومة توقع 300 قتيل إسرائيلي وتأسر العشرات ومعارك عنيفة بمحيط غزة,Al-Jazeera Arabic,07/10/2023,Security and defense
602,Arabic,وفقاً للقانون الدولي.. إسرائيل ترتكب جرائم حرب في غزة,Al-Jazeera Arabic,11/10/2023,"Law and order, crime and justice"
603,Arabic,تحذيرات من نفاذ احتياطي الوقود في مستشفيات غزة,Al-Jazeera Arabic,15/10/2023,Capacity and resources
604,Arabic,القصف الإسرائيلي يدمر نصف بنايات غزة وآلاف عالقون تحت الأنقاض,Al-Jazeera Arabic,23/10/2023,Health and safety
605,Arabic,جيش الاحتلال يرتكب مجزرة بمجمع الشفاء الطبي ويعترف بقصف سيارة إسعاف,Al-Jazeera Arabic,03/11/2023,"Law and order, crime and justice"
606,Arabic,الاحتلال يدمر أقساما بالشفاء ومدير المستشفي يصف الوضع بالكارثي,Al-Jazeera Arabic,08/11/2023,Health and safety
607,Arabic,صفقة الأسري..الإفراج عن 13 إسرائيليا وتحرير 39 فلسطينيا,Al-Jazeera Arabic,16/11/2023,"Law and order, crime and justice"
608,Arabic,الحرب علي غزة.. 16 ألف شهيد ومعارك ضارية في عدة محاور,Al-Jazeera Arabic,24/11/2023,Health and safety
609,Arabic,إسرائيل تلوذ بالمنشورات أملا في الوصول لقادة حماس,Al-Jazeera Arabic,05/12/2024,Political
610,Arabic,الحرب علي غزة.. عشرات الشهداء في جباليا وخسائر فادحة لجيش الاحتلال,Al-Jazeera Arabic,14/12/2024,Security and defense
611,Arabic,18 شهيدا في قصف منزل بمخيم النصيرات وسط غزة,Al-Jazeera Arabic,23/12/2023,Health and safety
612,Arabic,مقررة أممية بالأراضي الفلسطينية: جرائم ترتكب ضد الإنسانية,Al-Jazeera Arabic,25/12/2023,"Law and order, crime and justice"
613,Arabic, الاحتلال يقرّ بإجلاء 1000 جريح والمقاومة تتصدى لتوغلاته,Al-Jazeera Arabic,04/01/2024,Security and defense
614,Arabic,مارتن غريفيث: غزة أصبحت مكانا للموت واليأس,Al-Jazeera Arabic,05/01/2024,Quality of life
615,Arabic,الأمم المتحدة: إسرائيل تعيق إدخال المساعدات إلى شمال غزة,Al-Jazeera Arabic,12/01/2024,Capacity and resources
616,Arabic,كانوا ينتظرون مساعدات.. عشرات الشهداء والجرحى بقصف إسرائيلي بغزة,Al-Jazeera Arabic,25/01/2024,Health and safety
617,Arabic,غارات جوية إسرائيلية تستهدف منطقة ميراج شمال رفح,Al-Jazeera Arabic,01/02/2024,Security and defense
618,Arabic,ارتفاع حصيلة ضحايا الحرب على غزة وتحذيرات من اجتياح إسرائيلي لرفح,Al-Jazeera Arabic,10/02/2024,Security and defense
619,Arabic,وزارة الدفاع الإسرائيلية: قسم التأهيل الطبي عالج أكثر من 5500 جريح منذ بداية الحرب,Al-Jazeera Arabic,14/02/2024,Health and safety
620,Arabic,مجزرة بدير البلح واجتماعات بباريس بشأن صفقة تبادل,Al-Jazeera Arabic,23/02/2024,Political
621,Arabic,حصيلة الشهداء من الأطفال والنساء في غزة تتجاوز 22 ألفا,Al-Jazeera Arabic,04/03/2024,Health and safety
622,Arabic,استهداف جديد لفلسطينيين ينتظرون المساعدات بمدينة غزة,Al-Jazeera Arabic,13/03/2024,Health and safety
623,Arabic,بلجيكا: أطفال غزة لا يموتون بسبب القنابل فحسب بل بسبب الجوع أيضا,Al-Jazeera Arabic,21/03/2024,Health and safety
624,Arabic,حماس: لا ثقة برواية الاحتلال حول اغتيال مروان عيسى,Al-Jazeera Arabic,26/03/2024,Political
625,Arabic,قصف إسرائيلي استهدف منزلا لعائلة زعرب غرب مدينة رفح,Al-Jazeera Arabic,02/04/2024,Health and safety
626,Arabic,استشهاد 3 من أبناء هنية وإسرائيل تصر على دخول رفح,Al-Jazeera Arabic,10/04/2024,Political
627,Arabic, مقبرة جماعية بخان يونس والاحتلال يقر خططا لمواصلة العمليات بالقطاع,Al-Jazeera Arabic,21/04/2024,Security and defense
628,Arabic,الاجتماع الوزاري للمجموعة العربية يؤكد على ضرورة إنهاء الحرب بغزة,Al-Jazeera Arabic,27/04/2024,Political
629,Arabic,"""لا أريد أن أنتهي في كيس"".. حلم غزي",Al-Jazeera Arabic,04/05/2024,Quality of life
630,Arabic,تفجير نفق بقوة متوغلة في رفح وحصيلة جديدة لقتلى إسرائيل,Al-Jazeera Arabic,09/05/2024,Security and defense
631,Arabic,غارات وقصف مدفعي على مخيم جباليا,Al-Jazeera Arabic,17/05/2024,Security and defense
632,Arabic,الاحتلال الإسرائيلي يواصل حرب التجويع على سكان قطاع غزة,Al-Jazeera Arabic,29/05/2024,Capacity and resources
633,Arabic,الجزيرة تسلط عليهم الضوء.. آلاف المفقودين دفنهم القصف الإسرائيلي تحت الركام,Al-Jazeera Arabic,02/06/2024,Health and safety
634,Arabic,210 شهداء ومئات المصابين في مجزرة مروعة للاحتلال بمخيم النصيرات,Al-Jazeera Arabic,08/06/2024,Health and safety
635,Arabic,كاميرا الجزيرة ترصد معاناة الغزيين مع ارتفاع معدلات المجاعة,Al-Jazeera Arabic,18/06/2024,Quality of life
636,Arabic,معارك ضارية بالقطاع والاحتلال يعلن مقتل وإصابة 9 من جنوده,Al-Jazeera Arabic,28/06/2024,Security and defense
637,Arabic,"الاحتلال يبدأ تهجير سكان شرق خان يونس ونتنياهو يؤكد ""قرب القضاء على حماس""",Al-Jazeera Arabic,01/07/2024,Security and defense
638,Arabic, حي الشجاعية منطقة منكوبة ومعارك ضارية في رفح,Al-Jazeera Arabic,11/07/2024,Quality of life
639,Arabic,عشرات الشهداء بخان يونس وعمليات نوعية للقسام,Al-Jazeera Arabic,21/07/2024,Security and defense
640,Arabic, اغتيال هنية بطهران واستشهاد مراسل الجزيرة الغول بغزة,Al-Jazeera Arabic,31/07/2024,Security and defense
641,Arabic,تناثرت أشلاء الشهداء.. مجزرة إسرائيلية مروعة في مدرسة تؤوي نازحين بغزة,Al-Jazeera Arabic,03/08/2024,Health and safety
642,Arabic,غارات جوية وقصف إسرائيلي مدفعي على خان يونس,Al-Jazeera Arabic,13/08/2024,Security and defense
643,Arabic,استطلاع إسرائيلي: 48% يعتقدون عدم واقعية النصر المطلق بغزة,Al-Jazeera Arabic,23/08/2024,Public opinion
644,Arabic,الصحة العالمية: إسرائيل وافقت على هدن مؤقتة خلال حملة تطعيمات بغزة,Al-Jazeera Arabic,29/08/2024,Health and safety
645,Arabic,حماس: مصرون على انسحاب إسرائيل من غزة ولا تعنينا تصريحات نتنياهو,Al-Jazeera Arabic,02/09/2024,Political
646,Arabic,33 شهيدا في القطاع وضغوط إسرائيلية لإسقاط دعوى جنوب أفريقيا,Al-Jazeera Arabic,09/09/2024,"Law and order, crime and justice"
647,Arabic,مجزرة جديدة في قصف مدرسة تؤوي نازحين والأونروا تنعى 6 من موظفيها,Al-Jazeera Arabic,12/09/2024,Health and safety
648,Arabic,35 شهيدا بغزة وإسرائيل تستعين بقوات بحرية للقتال برا,Al-Jazeera Arabic,16/09/2024,Security and defense
649,Arabic,مصابون في قصف إسرائيلي على دير البلح بغزة,Al-Jazeera Arabic,23/09/2024,Health and safety
650,Arabic,15 شهيدا بالقصف الإسرائيلي على مخيم البريج,Al-Jazeera Arabic,07/10/2024,Health and safety
651,Arabic,الاحتلال يزرع براميل متفجرة في أحياء غرب مخيم جباليا,Al-Jazeera Arabic,14/10/2024,Security and defense
652,Arabic,الاحتلال يطلق النار على المنازل شمالي غزة,Al-Jazeera Arabic,21/10/2024,Security and defense
653,Arabic,الجيش الإسرائيلي: مقتل قائد سرية في معارك شمال غزة,Al-Jazeera Arabic,28/10/2024,Security and defense
654,Arabic,إعلام إسرائيلي: وثائق مزورة وأخبار مضلله لإفشال صفقة التبادل,Al-Jazeera Arabic,02/11/2024,Political
655,Arabic,مفوض الأونروا: إسرائيل استخدمت الجوع سلاحا ومن المحتمل حدوث مجاعة بشمال غزة,Al-Jazeera Arabic,09/11/2024,Health and safety
656,Arabic,استشهاد 43 فلسطينيا بالقطاع في قصف الاحتلال منذ فجر اليوم,Al-Jazeera Arabic,16/11/2024,Health and safety
657,Arabic,غارتان إسرائيليتان على شمالي مدينة رفح,Al-Jazeera Arabic,23/11/2024,Security and defense
658,Arabic,مسؤول إسرائيلي كبير لعائلات الأسرى: هناك تقدم في الصفقة,Al-Jazeera Arabic,05/12/2024,Political
659,Arabic,71 شهيدا في غزة منذ الفجر,Al-Jazeera Arabic,12/12/2024,Health and safety
660,Arabic,4 شهداء وجرحى بغارة للاحتلال جنوب مدينة غزة,Al-Jazeera Arabic,19/12/2024,Health and safety
661,Arabic,نتنياهو: لا يمكن التوصل لصفقة دون الحصول على أسماء المختطفين الأحياء,Al-Jazeera Arabic,26/12/2024,Political
662,Arabic,المقاومة تطلق صواريخ من القطاع وتبث فيديو لأسيرة إسرائيلية,Al-Jazeera Arabic,04/01/2025,Security and defense
663,Arabic,صحافة عالمية: تقديرات بتحول حرب غزة إلى نزاع مفتوح وسط تعثر المفاوضات,Al-Jazeera Arabic,11/01/2025,Policy prescription and evaluation
664,Arabic,نتنياهو يعلن زيادة القوات بمحور فيلادلفيا ويهدد بالعودة للقتال بقوة,Al-Jazeera Arabic,18/01/2025,Security and defense
665,Arabic,مسيّرة تلقي الورود والحلوى.. رسالة من المقاومة إلى حاضنتها في غزة,Al-Jazeera Arabic,25/01/2025,Political
666,Arabic,الاتحاد الأوروربي يعمل على إجلاء 500 جريح من غزة,Al-Jazeera Arabic,01/02/2025,External regulation and reputation
667,Arabic,نتنياهو مصدوم من مشاهد الأسرى بغزة وحماس: حافظنا عليهم رغم محاولاتك لتصفيتهم,Al-Jazeera Arabic,08/02/2025,Political
668,Arabic,إسبانيا: لن نسمح بتنفيذ مقترح ترامب لتهجير الفلسطينيين,Al-Jazeera Arabic,15/02/2025,External regulation and reputation
669,Arabic,عائلات الأسرى الإسرائيليين تدعو للقبول بعرض حماس وتناشد ترامب,Al-Jazeera Arabic,22/02/2025,Public opinion
670,Arabic,منظمات أممية تحذر من توقف إدخال المساعدات إلى غزة,Al-Jazeera Arabic,05/03/2025,Capacity and resources
671,Arabic,حماس تنتظر جديدا من مفاوضات الدوحة وعائلات إسرائيلية تطلب إنهاء الحرب,Al-Jazeera Arabic,12/03/2025,Political
672,Arabic,مجازر مستمرة والاحتلال يبدأ عملية برية وسط القطاع,Al-Jazeera Arabic,19/03/2025,Security and defense
673,Arabic,المنظومة الصحية تنهار ونتنياهو يهدد بالاستيلاء على أراض بالقطاع,Al-Jazeera Arabic,26/03/2025,Health and safety
674,Arabic, توقف المخابز بالقطاع ومئات المستوطنين يهاجمون قرية بالضفة,Al-Jazeera Arabic,01/04/2025,Capacity and resources
675,Arabic,الأمم المتحدة: الوضع في غزة وصل لمرحلة حرجة,Al-Jazeera Arabic,08/04/2025,Quality of life
676,Arabic,استشهاد طفلة بقصف على خان يونس,Al-Jazeera Arabic,15/04/2025,Health and safety
677,Arabic,32 شهيدا بغارات للاحتلال على القطاع منذ فجر اليوم,Al-Jazeera Arabic,22/04/2025,Health and safety
678,Arabic,39 شهيدا في غارات للاحتلال على القطاع منذ الفجر,Al-Jazeera Arabic,03/05/2025,Health and safety
679,Arabic, الاحتلال يتعرض لكمين بالشجاعية ودعوات لوقف سياسة التجويع,Al-Jazeera Arabic,10/05/2025,Security and defense
680,Arabic,منظمة أممية: كثيرون في غزة لا يحصلون على وجبة باليوم,Al-Jazeera Arabic,17/05/2025,Quality of life
681,Arabic,هآرتس: 10 مستشفيات بغزة تعرضت لهجمات الأسبوع الماضي,Al-Jazeera Arabic,24/05/2025,Health and safety
682,Arabic,قصف مدفعي إسرائيلي متواصل على مدينة خان يونس,Al-Jazeera Arabic,08/06/2025,Security and defense
683,Arabic,65 شهيدا خلال 24 ساعة وتواصل مجازر المساعدات,Al-Jazeera Arabic,15/06/2025,Health and safety
684,Arabic,شهداء بقصف متجدد ونتنياهو يعلن استعادة جثامين 3 أسرى,Al-Jazeera Arabic,22/06/2025,Security and defense
685,Arabic,خسائر للاحتلال بعمليات للمقاومة ومجزرتان في حي التفاح,Al-Jazeera Arabic,28/06/2025,Security and defense
686,Arabic,غزة تحت النار لليوم الـ640 ومجازر مستمرة وكارثة إنسانية في ظل صمت دولي,Al-Jazeera Arabic,07/07/2025,Quality of life
687,Arabic,نحو 100 شهيد منذ الفجر وسوء التغذية يفتك بحياة الأطفال,Al-Jazeera Arabic,13/07/2025,Health and safety
688,Arabic,"115 شهيدا والأمم المتحدة تتحدث عن ""تجويع كارثي"" بالقطاع",Al-Jazeera Arabic,20/07/2025,Quality of life
689,Arabic,"عمليات للمقاومة بغزة والاحتلال يتحدث عن نجاة جنوده من ""كارثة""",Al-Jazeera Arabic,29/07/2025,Security and defense
690,Arabic, عشرات الشهداء من منتظري المساعدات وآلاف الإسرائيليين يتظاهرون للضغط على نتنياهو,Al-Jazeera Arabic,02/08/2025,Public opinion
691,Arabic,جيش الاحتلال يمحو عائلة فلسطينية أخرى من السجل المدني,Al-Jazeera Arabic,09/08/2025,Health and safety
692,Arabic,غارات عنيفة على مدينة غزة وارتفاع عدد ضحايا التجويع,Al-Jazeera Arabic,16/08/2025,Health and safety
693,Arabic, شهداء التجويع رغم دعوات إنهاء المجاعة وإسرائيل تخطط لتطويق غزة شهرين,Al-Jazeera Arabic,23/08/2025,Capacity and resources
694,Arabic,قصف مكثف وارتفاع عدد ضحايا التجويع,Al-Jazeera Arabic,01/09/2025,Health and safety
695,Arabic,عشرات الشهداء والمفقودين بغزة ووزارة الصحة ترفض مغادرة منشآتها,Al-Jazeera Arabic,09/09/2025,Health and safety
696,Arabic,عمليات للمقاومة بغزة وإسرائيل تخشى أسر جنودها,Al-Jazeera Arabic,18/09/2025,Security and defense
697,Arabic,ترامب يلتقي بقادة عرب ومسلمين وتحقيق أممي يؤكد ارتكاب إسرائيل إبادة جماعية,Al-Jazeera Arabic,23/09/2025,"Law and order, crime and justice"
698,Arabic,شهداء بقصف عنيف والاحتلال يعترض صاروخين في غلاف غزة,Al-Jazeera Arabic,01/10/2025,Security and defense
699,Arabic,غزيون يبتهجون بعد رد حماس على خطة وقف الحرب,Al-Jazeera Arabic,04/10/2025,Public opinion
700,Arabic,الاحتلال يرتكب أكبر جريمة إبادة إعلامية في التاريخ,Al-Jazeera Arabic,07/10/2025,"Law and order, crime and justice"
701,Arabic,الجيش الإسرائيلي: حماس أطلقت نحو 3500 صاروخ واقتحمت أكثر من 20 بلدة بالجنوب,Al-Arabiya Arabic,07/10/2023,Security and defense
702,Arabic,فصائل غزة تتوعد: من المستحيل إيقاف الحرب قريباً,Al-Arabiya Arabic,08/10/2023,Political
703,Arabic,غزة تحت الحصار والدمار,Al-Arabiya Arabic,15/10/2023,Health and safety
704,Arabic,"لهذا أخرت إسرائيل اجتياح غزة.. وشرط ""مستحيل"" يلغيه!",Al-Arabiya Arabic,23/10/2023,Security and defense
705,Arabic,البحرين تعلن وقف العلاقات الاقتصادية مع إسرائيل,Al-Arabiya Arabic,02/11/2023,Political
706,Arabic,في يومين.. 100 ألف فلسطيني نزحوا من شمال غزة إلى جنوبها,Al-Arabiya Arabic,10/11/2023,Quality of life
707,Arabic,تفتت بالعظام وبتر وانفجار بالطحال.. حالة طفل من غزة تدخل السيسي لعلاجه,Al-Arabiya Arabic,17/11/2023,Health and safety
708,Arabic,صحة غزة: الوضع مأساوي والمساعدات لا تكفي,Al-Arabiya Arabic,25/11/2023,Health and safety
709,Arabic,فرنسا تجمد أصول زعيم حركة حماس في قطاع غزة يحيى السنوار,Al-Arabiya Arabic,05/12/2023,Economic 
710,Arabic,"""جحيم على الأرض"".. إسرائيل تواصل قصف جنوب قطاع غزة",Al-Arabiya Arabic,13/12/2023,Quality of life
711,Arabic,73 يوماً من الحرب.. معاناة النازحين في غزة تتفاقم,Al-Arabiya Arabic,17/12/2023,Quality of life
712,Arabic,أطفال غزة بلا ملابس ولا أحذية كافية لحمايتهم من برد فصل الشتاء,Al-Arabiya Arabic,25/12/2023,Quality of life
713,Arabic,مسؤول: الحرب دمرت 65% من البنية التحتية لقطاع الاتصالات في غزة,Al-Arabiya Arabic,02/01/2024,Capacity and resources
714,Arabic,تقرير: نتنياهو يواجه صعوبات داخلية تدفعه لإطالة أمد الحرب,Al-Arabiya Arabic,08/01/2024,Political
715,Arabic,نوعان من الأنفاق بغزة.. وشبكة مترامية تفاجئ الإسرائيليين,Al-Arabiya Arabic,17/01/2024,Security and defense
716,Arabic,"الأردن.. تغيير اسم مطعم ""7 أكتوبر"" بعد أن أغضب إسرائيل",Al-Arabiya Arabic,26/01/2024,Public opinion
717,Arabic,خطة إسرائيل للمنطقة العازلة بدأت.. صور الأقمار تكشف,Al-Arabiya Arabic,02/02/2024,Security and defense
718,Arabic,تقارير: مصر حذرت إسرائيل بتعليق اتفاقية السلام حال تهجير الفلسطينيين,Al-Arabiya Arabic,10/02/2024,Political
719,Arabic,مساحة غزة تتقلص على النازحين.. وفيتو أميركي يحبط مشروع قرار لوقف النار في غزة,Al-Arabiya Arabic,21/02/2024,Political
720,Arabic,الأمم المتحدة: ربع سكان غزة على بعد خطوة واحدة من المجاعة,Al-Arabiya Arabic,27/02/2024,Health and safety
721,Arabic,أعين مكشوفة فقط وبنادق.. صور ملثمين في رفح تشغل التواصل,Al-Arabiya Arabic,01/03/2024,Public opinion
722,Arabic,"الصين: حرب غزة ""عار على الحضارة"".. وندعم عضوية كاملة لدولة فلسطينية بالأمم المتحدة",Al-Arabiya Arabic,07/03/2024,Morality
723,Arabic,بمقترح رسمي.. إسرائيل ترد على مطالب حماس,Al-Arabiya Arabic,19/03/2024,Political
724,Arabic,إسرائيل تستخدم التجويع سلاح حرب في غزة.. تحذير أممي,Al-Arabiya Arabic,28/03/2024,"Law and order, crime and justice"
725,Arabic,واشنطن: نراجع تقارير استخدام إسرائيل للذكاء الاصطناعي في قصف أهدافها بغزة,Al-Arabiya Arabic,05/04/2024,"Law and order, crime and justice"
726,Arabic,مشاهد مرعبة من خان يونس.. دمار هائل وقنابل غير منفجرة,Al-Arabiya Arabic,12/04/2024,Health and safety
727,Arabic,ما صحة انتقال حماس من قطر.. مصادر الحركة تعلق وتكشف,Al-Arabiya Arabic,21/04/2024,Political
728,Arabic,الأمم المتحدة: دمار غزة لم يُشهد منذ الحرب العالمية الثانية,Al-Arabiya Arabic,03/05/2024,Health and safety
729,Arabic,من يسيطر على معبر رفح؟ ولماذا يعتبر شديد الأهمية؟,Al-Arabiya Arabic,07/05/2024,Political
730,Arabic,مشاهد جديدة تظهر استمرار الغارات الإسرائيلية على مخيم جباليا شمال قطاع غزة وسط نزوح عدد كبير من الفلسطينيين,Al-Arabiya Arabic,12/05/2024,Security and defense
731,Arabic,اشتباكات قوية بين الجيش الإسرائيلي والفصائل الفلسطينية في مخيم جباليا شمال قطاع غزة,Al-Arabiya Arabic,22/05/2024,Security and defense
732,Arabic,فيصل بن فرحان: يجب وقف النار فوراً بغزة ولا سلام بلا حل الدولتين,Al-Arabiya Arabic,14/05/2024,Political
733,Arabic,خامنئي: المنطقة كانت بحاجة لهجوم 7 أكتوبر,Al-Arabiya Arabic,03/06/2024,Other
734,Arabic,رسالة يحيى السنوار حول هدنة غزة.. حملت شرطين,Al-Arabiya Arabic,07/06/2024,Political
735,Arabic,إسرائيل تستعيد 4 أسرى من وسط غزة.. بصحة جيدة,Al-Arabiya Arabic,08/06/2024,Health and safety
736,Arabic,خالد مشعل: غزة تدمرت وهذا ثمن المقاومة,Al-Arabiya Arabic,26/06/2024,Morality
737,Arabic,"""نهاية حرب غزة بشكلها الحالي خلال 10 أيام"".. مسؤول إسرائيلي يوضح",Al-Arabiya Arabic,01/07/2024,Political
738,Arabic,الأمم المتحدة: 9 من كل 10 أشخاص أجبروا على النزوح في غزة,Al-Arabiya Arabic,04/07/2024,Quality of life
739,Arabic,بعد 9 أشهر من الحرب الإسرائيلية على غزة حصيلة الضحايا تتجاوز 38 ألف فلسطيني وأكثر من 10 آلاف مفقود تحت الركام,Al-Arabiya Arabic,07/07/2024,Health and safety
740,Arabic,غزة تحت القصف الإسرائيلي وسط تلاشي آمال التوصل لهدنة بالقطاع,Al-Arabiya Arabic,16/07/2024,Security and defense
741,Arabic,الجيش الإسرائيلي يعثر على عشرات الأنفاق في محور صلاح الدين بغزة,Al-Arabiya Arabic,04/08/2024,Security and defense
742,Arabic,نتنياهو يؤكد: لم أتحدث مع ترامب أمس حول غزة,Al-Arabiya Arabic,15/08/2024,Political
743,Arabic,نتنياهو: إسرائيل مستعدة لأي تهديد وفي أي ساحة,Al-Arabiya Arabic,18/08/2024,Security and defense
744,Arabic,إسرائيل تستعيد جثث 6 أسرى من غزة.. والمعارضة تنتقد,Al-Arabiya Arabic,20/08/2024,Political
745,Arabic,المرض والحرب يلاحقان أطفال غزة وسط ظروف معيشية وصحية صعبة,Al-Arabiya Arabic,15/09/2024,Health and safety
746,Arabic,90 % من أطفال غزة تلقوا جرعة أولى من لقاح شلل الأطفال,Al-Arabiya Arabic,16/09/2024,Health and safety
746,Arabic,حماس: لسنا مستعجلين بالتوصل لاتفاق وقف النار في غزة,Al-Arabiya Arabic,17/09/2024,Political
748,Arabic,مجلس التعاون الخليجي: يجب وقف النار في غزة بشكل فوري,Al-Arabiya Arabic,02/10/2024,External regulation and reputation
749,Arabic,إسرائيل تواصل حصارها على مخيم جباليا لليوم السابع,Al-Arabiya Arabic,12/10/2024,Security and defense
750,Arabic,"مع استمرار القصف الإسرائيلي لليوم الـ 12 على التوالي.. شمال غزة يعاني من ""حصار وتجويع"" ومطالبات بفتح ""ممر آمن"" لإنقاذ المنظومة الصحية.. مئات القتلى والجرحى ",Al-Arabiya Arabic,16/10/2024,Quality of life
751,Arabic,بعد اغتيال يحيى السنوار.. الجيش الإسرائيلي يحدد المطلوب التالي,Al-Arabiya Arabic,18/10/2024,Security and defense
752,Arabic,جباليا تحت النار.. قصف يتجدد كل دقيقة وشهادات تدمي القلوب,Al-Arabiya Arabic,21/10/2024,Quality of life
753,Arabic,مشاهد توثق نزوحا جماعيا لسكان في شمال القطاع.. تحت قصف الطائرات وأصوات الانفجارات ,Al-Arabiya Arabic,22/10/2024,Quality of life
754,Arabic,إسرائيل تجدد غاراتها على منازل فلسطينيين شمال غزة.. وأميركا تحذر إسرائيل وتطالبها بتحسين الأوضاع هناك خلال 30 يوما,Al-Arabiya Arabic,30/10/2024,Security and defense
755,Arabic,مراسل العربية أسامة الكحلوت: الجيش الإسرائيلي يقصف مربعات سكنية مأهولة في جباليا.. و33 قتيلا تحت ركام منزل واحد في المخيم,Al-Arabiya Arabic,10/11/2024,Health and safety
756,Arabic,الجيش الإسرائيلي يفجر مبان كاملة في جباليا شمال قطاع غزة,Al-Arabiya Arabic,14/11/2024,Security and defense
757,Arabic,ترمب: سيكون هناك جحيم في الشرق الأوسط إن لم يطلق سراح الرهائن بغزة قبل تسلم منصبي الشهر المقبل,Al-Arabiya Arabic,02/12/2024,Security and defense
758,Arabic,مقتل 22 فلسطينيا بينهم صحافي في قصف إسرائيلي على قطاع غزة,Al-Arabiya Arabic,14/12/2024,Health and safety
759,Arabic,الإمارات ترسل مساعدات إضافية إلى قطاع غزة,Al-Arabiya Arabic,21/12/2024,External regulation and reputation
760,Arabic,بعد تجمّد 3 رضّع بالخيام.. اليونيسيف تحذر: أطفال غزة يموتون من البرد,Al-Arabiya Arabic,27/12/2024,Health and safety
761,Arabic,صفقة غزة.. نتنياهو يواصل التشاور مع وفده وحماس تطلب مهلة ساعات للرد,Al-Arabiya Arabic,15/01/2025,Political
762,Arabic,46 ألف قتيل ومنطقة عازلة.. أهل غزة دفعوا الفاتورة الأغلى,Al-Arabiya Arabic,16/01/2025,Quality of life
763,Arabic,هل احتجزت حماس الأسيرات في منطقة تسيطر عليها إسرائيل منذ عام؟,Al-Arabiya Arabic,19/01/2025,Security and defense
764,Arabic,"مع وقف النار.. آلاف من عناصر ""شرطة"" حماس ينتشرون في غزة",Al-Arabiya Arabic,21/01/2025,Security and defense
765,Arabic,قطرة في محيط.. شاحنات المساعدات لا تكفي أهل غزة,Al-Arabiya Arabic,04/02/2025,Capacity and resources
766,Arabic,"ترامب يهدد حماس بفتح ""أبواب الجحيم"".. ويمنحهم مهلة أخيرة",Al-Arabiya Arabic,11/02/2025,Security and defense
767,Arabic,بعد انتهاء مهلة ترامب.. شروط إسرائيلية جديدة بشأن اتفاق غزة,Al-Arabiya Arabic,15/02/2025,Political
768,Arabic,اقتراح إسرائيلي بإسقاط ديون مصر مقابل حكم غزة.. خبير يعلّق: فخ لن نقع فيه,Al-Arabiya Arabic,26/02/2025,Economic 
769,Arabic,ترحيل مليون و800 ألف من غزة.. تفاصيل مستجدة حول خطة ترامب,Al-Arabiya Arabic,10/03/2025,Quality of life
770,Arabic,ترامب متراجعاً عن خطته: لا أحد يجبر سكان غزة على المغادرة,Al-Arabiya Arabic,12/03/2025,Political
771,Arabic,"الطرق والأرصفة باتت ملجأ لعائلات غزة النازحة بسبب القصف الإسرائيلي",Al-Arabiya Arabic,23/03/2025,Quality of life
772,Arabic,بعد صلاة العيد.. تظاهرات حاشدة بمصر لرفض تهجير الفلسطينيين,Al-Arabiya Arabic,31/03/2025,Public opinion
773,Arabic,ماكرون يتوجه إلى سيناء تأكيداً على أهمية وقف النار في غزة,Al-Arabiya Arabic,04/04/2025,External regulation and reputation
774,Arabic,ضحية جراء غارة إسرائيلية على خيمة في منطقة المواصي غربي مدينة خان يونس جنوبي قطاع غزة,Al-Arabiya Arabic,09/04/2025,Health and safety
775,Arabic,"كاتس يهدد حماس.. ""وافقوا على المقترح أو سنتوسع في غزة""",Al-Arabiya Arabic,16/04/2025,Security and defense
776,Arabic,"من بين 60 ألفا.. صورة طفل فلسطيني مصاب تفوز بجائزة ""صورة العام""",Al-Arabiya Arabic,17/04/2025,other
777,Arabic,أم تودع طفلها الذي ارتقى بقصف الاحتلال لمدرسة أبو هميسة التي تؤوي نازحين بمخيم البريج وسط قطاع غزة,Al-Arabiya Arabic,06/05/2025,Quality of life
778,Arabic,حماس: نحث إدارة ترامب على مواصلة جهودها لإنهاء الحرب,Al-Arabiya Arabic,12/05/2025,Political
779,Arabic,خريطة مسربة.. خطة إسرائيلية لتقسيم غزة 3 أجزاء,Al-Arabiya Arabic,19/05/2025,Political
780,Arabic,السماح لفلسطين برفع علمها في منظمة الصحة العالمية لأول مرة بعد تصويت,Al-Arabiya Arabic,26/05/2025,External regulation and reputation
781,Arabic,فجر جدلاً بإسرائيل وغزة وتبرأت منه عائلته.. من هو ياسر أبو شباب؟,Al-Arabiya Arabic,06/06/2025,Political
782,Arabic,ماكرون يعلن تأجيل المؤتمر الأممي بشأن الدولة الفلسطينية,Al-Arabiya Arabic,14/06/2025,External regulation and reputation
783,Arabic,اللجنة الدولية للصليب الأحمر تعلن مقتل متعاون خامس معها في غزة,Al-Arabiya Arabic,24/06/2025,Health and safety
784,Arabic,الأمم المتحدة: مقتل 598 فلسطينيا في غزة أثناء محاولتهم الحصول على مساعدات,Al-Arabiya Arabic,26/06/2025,Health and safety
785,Arabic,ترامب سيعلنه شخصياً.. التفاصيل الكاملة لاتفاق غزة الجديد,Al-Arabiya Arabic,05/07/2025,Political
786,Arabic,الجيش الإسرائيلي ينشئ ممراً جديداً يقسم خان يونس في غزة,Al-Arabiya Arabic,16/07/2025,Security and defense
787,Arabic,ثلاثة قتلى في ضربة إسرائيلية استهدفت كنيسة في غزة,Al-Arabiya Arabic,17/07/2025,Health and safety
788,Arabic,رئيس الوزراء البريطاني: كارثة غزة الإنسانية لا توصف,Al-Arabiya Arabic,24/07/2025,Quality of life
789,Arabic,سفير أميركا بإسرائيل يحذف فجأة تغريدة حول حب الغزيين لترامب,Al-Arabiya Arabic,02/08/2025,other
790,Arabic,الكويت تدشن أولى رحلات جسرها الجوي الإغاثي إلى غزة,Al-Arabiya Arabic,09/08/2025,Capacity and resources
791,Arabic,سلسلة غارات على غزة.. ومتفجرات سائلة شمال القطاع,Al-Arabiya Arabic,16/08/2025,Security and defense
792,Arabic,إسرائيل: بدأنا الهجوم على مدينة غزة وسنعمق ضرباتنا,Al-Arabiya Arabic,29/08/2025,Security and defense
793,Arabic,صحة غزة: ارتفاع وفيات التجويع إلى 348 بينهم 127 طفلاً,Al-Arabiya Arabic,01/09/2025,Health and safety
794,Arabic,الجيش الإسرائيلي ينسف برجا سكنيا بغزة وينشر صورا لأبراج أخرى مهددة بالهدم,Al-Arabiya Arabic,05/09/2025,Security and defense
795,Arabic,غارات إسرائيلية تقتل 54 شخصاً في غزة خلال 24 ساعة,Al-Arabiya Arabic,14/09/2025,Health and safety
796,Arabic,الأقمار الصناعية تكشف دمار غزة.. ومأساة النزوح تتواصل,Al-Arabiya Arabic,21/09/2025,Quality of life
797,Arabic,"إسرائيل تعترض ""أسطول الصمود"" المتجه لغزة",Al-Arabiya Arabic,01/10/2025,Security and defense
798,Arabic,57 قتيلاً في غزة بضربات إسرائيلية بعد مطالبة ترامب بوقف القصف,Al-Arabiya Arabic,04/10/2025,Health and safety
799,Arabic,نتنياهو يتوعد بعدم تنفيذ أي بند من خطة غزة.. قبل إطلاق الأسرى,Al-Arabiya Arabic,05/10/2025,Policy prescription and evaluation
800,Arabic,يونيسف: رضّع غزة يتشاركون أقنعة الأكسجين والأسرّة,Al-Arabiya Arabic,07/10/2025,Quality of life